{"stats":{"minecraft:dropped":{"minecraft:diamond_chestplate":4,"minecraft:diamond_helmet":10,"structure_gel:building_tool":1,"minecraft:waxed_exposed_cut_copper":1},"minecraft:picked_up":{"minecraft:golden_helmet":1,"minecraft:barrier":1,"structure_gel:building_tool":1,"minecraft:stone_button":1,"minecraft:redstone":1,"minecraft:diamond_chestplate":4,"minecraft:waxed_exposed_cut_copper":1,"minecraft:diamond_helmet":10},"minecraft:custom":{"minecraft:time_since_rest":237580,"minecraft:sprint_one_cm":39800,"minecraft:walk_one_cm":84401,"minecraft:damage_taken":2520,"minecraft:drop":16,"minecraft:fly_one_cm":1211656,"minecraft:crouch_one_cm":5353,"minecraft:play_time":257315,"minecraft:deaths":7,"minecraft:sneak_time":12847,"minecraft:aviate_one_cm":159715,"minecraft:jump":419,"minecraft:leave_game":35,"minecraft:walk_on_water_one_cm":44074,"minecraft:time_since_death":237544,"minecraft:total_world_time":257315,"minecraft:fall_one_cm":38969},"minecraft:used":{"minecraft:polished_deepslate_stairs":20,"minecraft:andesite_wall":115,"minecraft:waxed_exposed_cut_copper":876,"minecraft:diorite":22,"minecraft:cyan_terracotta":1,"minecraft:black_concrete":13,"minecraft:firework_rocket":15,"minecraft:waxed_exposed_cut_copper_stairs":142,"minecraft:polished_deepslate":140,"minecraft:polished_andesite_stairs":340,"minecraft:acacia_trapdoor":5,"minecraft:polished_andesite":860,"minecraft:elytra":1,"minecraft:stone_button":2,"minecraft:polished_deepslate_wall":3,"minecraft:tinted_glass":8,"minecraft:spruce_trapdoor":2,"minecraft:redstone_block":45,"minecraft:diorite_wall":2,"minecraft:stone_bricks":1,"minecraft:polished_andesite_slab":267,"minecraft:waxed_exposed_cut_copper_slab":140,"minecraft:golden_helmet":1,"minecraft:polished_deepslate_slab":36,"minecraft:polished_diorite_stairs":28,"minecraft:infested_cobblestone":30,"minecraft:tuff":22,"minecraft:jungle_trapdoor":4,"structure_gel:building_tool":216,"minecraft:cobbled_deepslate":23,"minecraft:polished_diorite":53,"minecraft:calcite":34}},"DataVersion":3120}