{"stats":{"minecraft:dropped":{"minecraft:diamond_chestplate":4,"minecraft:diamond_helmet":10,"structure_gel:building_tool":1,"minecraft:waxed_exposed_cut_copper":1},"minecraft:picked_up":{"minecraft:golden_helmet":1,"minecraft:barrier":1,"structure_gel:building_tool":1,"minecraft:stone_button":1,"minecraft:redstone":1,"minecraft:diamond_chestplate":4,"minecraft:waxed_exposed_cut_copper":1,"minecraft:diamond_helmet":10},"minecraft:custom":{"minecraft:time_since_rest":285800,"minecraft:sprint_one_cm":40507,"minecraft:walk_one_cm":99200,"minecraft:damage_taken":2520,"minecraft:drop":16,"minecraft:fly_one_cm":1567801,"minecraft:crouch_one_cm":6446,"minecraft:play_time":305535,"minecraft:deaths":7,"minecraft:sneak_time":16094,"minecraft:aviate_one_cm":270871,"minecraft:jump":469,"minecraft:leave_game":36,"minecraft:walk_on_water_one_cm":44074,"minecraft:time_since_death":285764,"minecraft:total_world_time":305535,"minecraft:fall_one_cm":38969},"minecraft:used":{"minecraft:polished_deepslate_stairs":20,"minecraft:andesite_wall":153,"minecraft:waxed_exposed_cut_copper":876,"minecraft:diorite":35,"minecraft:cyan_terracotta":1,"minecraft:black_concrete":14,"minecraft:firework_rocket":21,"minecraft:waxed_exposed_cut_copper_stairs":142,"minecraft:cobblestone_stairs":8,"minecraft:dead_tube_coral_block":2,"minecraft:polished_deepslate":186,"minecraft:bone_block":2,"minecraft:polished_andesite_stairs":364,"minecraft:acacia_trapdoor":5,"minecraft:polished_andesite":888,"minecraft:elytra":1,"minecraft:stone_button":16,"minecraft:polished_deepslate_wall":7,"minecraft:tinted_glass":15,"minecraft:spruce_trapdoor":2,"minecraft:redstone_block":45,"minecraft:clay":1,"minecraft:gravel":21,"minecraft:cobblestone_slab":9,"minecraft:diorite_wall":27,"minecraft:smooth_basalt":47,"minecraft:stone_bricks":1,"minecraft:polished_andesite_slab":310,"minecraft:waxed_exposed_cut_copper_slab":140,"minecraft:golden_helmet":1,"minecraft:basalt":5,"minecraft:polished_deepslate_slab":38,"minecraft:skeleton_skull":5,"minecraft:andesite":20,"minecraft:blue_ice":4,"minecraft:polished_diorite_stairs":28,"minecraft:infested_cobblestone":54,"minecraft:light_gray_concrete_powder":2,"minecraft:tuff":45,"minecraft:jungle_trapdoor":4,"structure_gel:building_tool":230,"minecraft:cobbled_deepslate":24,"minecraft:deepslate_lapis_ore":5,"minecraft:polished_diorite":55,"minecraft:calcite":38}},"DataVersion":3120}