{"stats":{"minecraft:dropped":{"minecraft:diamond_chestplate":4,"minecraft:diamond_helmet":10,"structure_gel:building_tool":1,"minecraft:waxed_exposed_cut_copper":1},"minecraft:custom":{"minecraft:time_since_rest":364831,"minecraft:sprint_one_cm":76566,"minecraft:damage_taken":2520,"minecraft:walk_one_cm":181297,"minecraft:drop":16,"minecraft:fly_one_cm":2423328,"minecraft:crouch_one_cm":15079,"minecraft:play_time":384566,"minecraft:deaths":7,"minecraft:sneak_time":24766,"minecraft:walk_under_water_one_cm":38,"minecraft:aviate_one_cm":475641,"minecraft:jump":1048,"minecraft:leave_game":39,"minecraft:walk_on_water_one_cm":97164,"minecraft:time_since_death":364795,"minecraft:climb_one_cm":7794,"minecraft:total_world_time":384566,"minecraft:fall_one_cm":38969},"minecraft:picked_up":{"minecraft:dark_oak_door":4,"minecraft:golden_helmet":1,"minecraft:barrier":1,"minecraft:stone_brick_slab":9,"structure_gel:building_tool":1,"minecraft:stone_button":2,"minecraft:jungle_button":1,"minecraft:redstone":1,"minecraft:diamond_chestplate":4,"minecraft:stone_bricks":13,"minecraft:waxed_exposed_cut_copper":1,"minecraft:gray_wool":14,"minecraft:diamond_helmet":10},"minecraft:used":{"minecraft:calcite":38,"minecraft:stone_brick_slab":22,"minecraft:waxed_exposed_cut_copper":876,"minecraft:diorite":35,"minecraft:black_concrete":14,"minecraft:cyan_terracotta":11,"minecraft:firework_rocket":47,"minecraft:waxed_exposed_cut_copper_stairs":142,"minecraft:cobblestone_stairs":8,"minecraft:dead_tube_coral_block":2,"minecraft:polished_deepslate":190,"minecraft:acacia_trapdoor":5,"minecraft:elytra":1,"minecraft:stone_button":17,"minecraft:polished_andesite":888,"minecraft:polished_andesite_stairs":364,"minecraft:bone_block":2,"minecraft:polished_deepslate_wall":7,"minecraft:tinted_glass":15,"minecraft:spruce_trapdoor":2,"minecraft:redstone_block":45,"minecraft:diorite_wall":27,"minecraft:clay":1,"minecraft:gravel":21,"minecraft:cobblestone_slab":9,"minecraft:smooth_basalt":75,"minecraft:player_head":3,"minecraft:polished_andesite_slab":310,"minecraft:stone_bricks":12,"minecraft:waxed_exposed_cut_copper_slab":140,"minecraft:golden_helmet":1,"minecraft:basalt":5,"minecraft:glowstone":11,"minecraft:polished_deepslate_slab":38,"minecraft:coal_block":4,"minecraft:ochre_froglight":28,"minecraft:yellow_concrete":25,"minecraft:skeleton_skull":5,"minecraft:andesite":20,"minecraft:light_gray_concrete_powder":2,"minecraft:blue_ice":11,"minecraft:polished_diorite_stairs":28,"minecraft:infested_cobblestone":54,"minecraft:white_concrete":42,"minecraft:tuff":48,"minecraft:jungle_trapdoor":4,"structure_gel:building_tool":253,"minecraft:cobbled_deepslate":24,"minecraft:gray_wool":7,"minecraft:deepslate_lapis_ore":9,"minecraft:dark_oak_door":9,"minecraft:shroomlight":18,"minecraft:polished_diorite":55,"minecraft:polished_deepslate_stairs":20,"minecraft:andesite_wall":153}},"DataVersion":3120}