{"stats":{"minecraft:mined":{"minecraft:gray_wool":1},"minecraft:dropped":{"minecraft:netherite_sword":1,"minecraft:diamond_leggings":1,"minecraft:barrier":1,"minecraft:command_block":3,"minecraft:waxed_exposed_cut_copper":1,"minecraft:totem_of_undying":2,"minecraft:orange_banner":2,"minecraft:diamond_chestplate":5,"minecraft:diamond_helmet":11,"structure_gel:building_tool":1,"minecraft:stone_pressure_plate":64,"minecraft:diamond_boots":1,"minecraft:arrow":63,"minecraft:bow":3,"minecraft:written_book":1},"minecraft:killed":{"minecraft:cat":3},"minecraft:custom":{"minecraft:mob_kills":5,"minecraft:interact_with_anvil":3,"minecraft:tune_noteblock":11,"minecraft:open_barrel":1,"minecraft:leave_game":52,"minecraft:time_since_death":108026,"minecraft:climb_one_cm":20169,"minecraft:damage_resisted":1429,"minecraft:time_since_rest":108117,"minecraft:walk_one_cm":1310265,"minecraft:sprint_one_cm":951391,"minecraft:open_enderchest":4,"minecraft:damage_taken":14328,"minecraft:damage_absorbed":5889,"minecraft:drop":35,"minecraft:minecart_one_cm":17079,"minecraft:damage_dealt":129,"minecraft:fly_one_cm":5356169,"minecraft:open_chest":15,"minecraft:crouch_one_cm":120748,"minecraft:play_time":990640,"minecraft:deaths":24,"minecraft:sneak_time":77729,"minecraft:walk_under_water_one_cm":1716,"minecraft:aviate_one_cm":734902,"minecraft:jump":7272,"minecraft:walk_on_water_one_cm":168022,"minecraft:total_world_time":990640,"minecraft:fall_one_cm":403769,"minecraft:inspect_dispenser":4},"minecraft:picked_up":{"minecraft:barrier":3,"minecraft:azure_bluet":3,"minecraft:andesite":2,"minecraft:orange_banner":2,"structure_gel:building_tool":1,"minecraft:stone_brick_stairs":4,"minecraft:jungle_button":1,"minecraft:dirt":674,"minecraft:string":186,"minecraft:smooth_stone_slab":8,"minecraft:oak_sign":1,"minecraft:stone_bricks":21,"minecraft:bow":1,"minecraft:diamond_leggings":4,"minecraft:wheat_seeds":2,"minecraft:bucket":1,"minecraft:waxed_exposed_cut_copper":1,"minecraft:enchanted_golden_apple":63,"minecraft:minecart":1,"minecraft:diamond_helmet":13,"minecraft:dark_oak_door":8,"minecraft:golden_helmet":1,"minecraft:milk_bucket":1,"minecraft:stone_brick_slab":10,"minecraft:gravel":2,"minecraft:porkchop":18,"minecraft:stone_button":4,"minecraft:redstone":14,"minecraft:stone_pressure_plate":1,"minecraft:command_block":1,"minecraft:diamond_chestplate":7,"minecraft:diamond_boots":4,"minecraft:cyan_terracotta":17,"minecraft:birch_sign":1,"minecraft:golden_apple":573,"minecraft:gray_wool":20,"minecraft:totem_of_undying":1,"minecraft:cobblestone":3},"minecraft:used":{"minecraft:calcite":38,"minecraft:water_bucket":1,"minecraft:trident":13,"minecraft:waxed_exposed_cut_copper":876,"minecraft:diorite":35,"minecraft:iron_bars":11,"minecraft:diamond_boots":8,"minecraft:cobblestone_stairs":8,"minecraft:dead_tube_coral_block":2,"minecraft:polished_deepslate":190,"minecraft:powered_rail":1,"minecraft:polished_andesite":891,"minecraft:dispenser":3,"minecraft:acacia_trapdoor":5,"minecraft:elytra":1,"minecraft:red_concrete":2,"minecraft:ladder":27,"minecraft:netherite_chestplate":1,"minecraft:redstone":7,"minecraft:bone_block":2,"minecraft:chest":2,"minecraft:tinted_glass":15,"minecraft:stone":8,"minecraft:redstone_block":45,"minecraft:clay":1,"minecraft:cobblestone_slab":9,"minecraft:glow_ink_sac":1,"minecraft:player_head":3,"minecraft:conduit":2,"minecraft:spruce_leaves":7,"minecraft:golden_apple":101,"minecraft:polished_deepslate_slab":38,"minecraft:anvil":9,"minecraft:rail":1,"minecraft:netherite_leggings":1,"minecraft:diamond_helmet":8,"minecraft:yellow_concrete":25,"minecraft:tuff":48,"minecraft:black_banner":3,"minecraft:jungle_trapdoor":4,"minecraft:netherite_helmet":1,"minecraft:crossbow":16,"minecraft:blue_ice":11,"minecraft:light_gray_concrete_powder":2,"minecraft:ochre_froglight":31,"minecraft:note_block":1,"minecraft:deepslate_lapis_ore":9,"minecraft:dark_oak_door":9,"minecraft:milk_bucket":1,"minecraft:polished_diorite":55,"minecraft:shroomlight":18,"minecraft:polished_deepslate_stairs":20,"minecraft:andesite_wall":153,"minecraft:dark_oak_planks":1,"minecraft:gray_terracotta":1,"minecraft:stone_brick_slab":30,"minecraft:black_wool":1,"minecraft:black_concrete":14,"minecraft:cyan_terracotta":22,"minecraft:firework_rocket":71,"minecraft:waxed_exposed_cut_copper_stairs":142,"minecraft:stone_button":19,"minecraft:command_block":6,"minecraft:polished_andesite_stairs":364,"minecraft:spruce_wood":20,"minecraft:grass_block":39,"minecraft:polished_deepslate_wall":7,"minecraft:barrier":1130,"minecraft:dark_oak_slab":17,"minecraft:spruce_trapdoor":6,"minecraft:golden_helmet":1,"minecraft:diorite_wall":27,"minecraft:gravel":21,"minecraft:polished_andesite_slab":310,"minecraft:waxed_exposed_cut_copper_slab":140,"minecraft:stone_bricks":44,"minecraft:smooth_basalt":75,"minecraft:netherite_boots":1,"minecraft:diamond_chestplate":8,"minecraft:coal_block":4,"minecraft:basalt":5,"minecraft:glowstone":12,"minecraft:cobblestone":1,"minecraft:lime_concrete":4,"minecraft:bow":85,"minecraft:orange_banner":3,"minecraft:written_book":1,"minecraft:andesite":25,"minecraft:repeating_command_block":1,"minecraft:infested_cobblestone":54,"minecraft:chain":2,"minecraft:gray_bed":1,"minecraft:white_stained_glass":17,"minecraft:chain_command_block":1,"minecraft:polished_diorite_stairs":28,"minecraft:skeleton_skull":5,"minecraft:stone_pressure_plate":6,"minecraft:white_concrete":43,"structure_gel:building_tool":678,"minecraft:cobbled_deepslate":24,"minecraft:gray_wool":64,"minecraft:enchanted_golden_apple":36,"minecraft:bone_meal":35,"minecraft:diamond_leggings":8,"minecraft:pointed_dripstone":15}},"DataVersion":3120}