{"stats":{"minecraft:dropped":{"minecraft:waxed_exposed_cut_copper":1,"minecraft:diamond_chestplate":4,"minecraft:diamond_helmet":10,"structure_gel:building_tool":1},"minecraft:custom":{"minecraft:interact_with_anvil":1,"minecraft:leave_game":41,"minecraft:time_since_death":410804,"minecraft:climb_one_cm":7794,"minecraft:time_since_rest":410840,"minecraft:sprint_one_cm":84780,"minecraft:damage_taken":2520,"minecraft:walk_one_cm":232221,"minecraft:drop":16,"minecraft:fly_one_cm":2596188,"minecraft:crouch_one_cm":18020,"minecraft:play_time":430575,"minecraft:deaths":7,"minecraft:sneak_time":26851,"minecraft:walk_under_water_one_cm":186,"minecraft:aviate_one_cm":475641,"minecraft:jump":1272,"minecraft:walk_on_water_one_cm":124733,"minecraft:total_world_time":430575,"minecraft:fall_one_cm":38969},"minecraft:picked_up":{"minecraft:barrier":1,"structure_gel:building_tool":1,"minecraft:jungle_button":1,"minecraft:stone_bricks":13,"minecraft:waxed_exposed_cut_copper":1,"minecraft:diamond_helmet":10,"minecraft:dark_oak_door":4,"minecraft:golden_helmet":1,"minecraft:stone_brick_slab":9,"minecraft:stone_button":2,"minecraft:redstone":1,"minecraft:diamond_chestplate":4,"minecraft:gray_wool":14},"minecraft:used":{"minecraft:calcite":38,"minecraft:trident":2,"minecraft:waxed_exposed_cut_copper":876,"minecraft:diorite":35,"minecraft:cobblestone_stairs":8,"minecraft:dead_tube_coral_block":2,"minecraft:polished_deepslate":190,"minecraft:red_concrete":2,"minecraft:polished_andesite":888,"minecraft:acacia_trapdoor":5,"minecraft:redstone":7,"minecraft:bone_block":2,"minecraft:elytra":1,"minecraft:tinted_glass":15,"minecraft:redstone_block":45,"minecraft:clay":1,"minecraft:cobblestone_slab":9,"minecraft:player_head":3,"minecraft:conduit":2,"minecraft:polished_deepslate_slab":38,"minecraft:anvil":7,"minecraft:crossbow":3,"minecraft:yellow_concrete":25,"minecraft:blue_ice":11,"minecraft:light_gray_concrete_powder":2,"minecraft:ochre_froglight":31,"minecraft:jungle_trapdoor":4,"minecraft:tuff":48,"minecraft:deepslate_lapis_ore":9,"minecraft:dark_oak_door":9,"minecraft:polished_diorite":55,"minecraft:andesite_wall":153,"minecraft:polished_deepslate_stairs":20,"minecraft:shroomlight":18,"minecraft:stone_brick_slab":22,"minecraft:cyan_terracotta":11,"minecraft:black_concrete":14,"minecraft:waxed_exposed_cut_copper_stairs":142,"minecraft:firework_rocket":47,"minecraft:command_block":2,"minecraft:polished_deepslate_wall":7,"minecraft:polished_andesite_stairs":364,"minecraft:stone_button":18,"minecraft:spruce_trapdoor":2,"minecraft:diorite_wall":27,"minecraft:gravel":21,"minecraft:golden_helmet":1,"minecraft:stone_bricks":18,"minecraft:polished_andesite_slab":310,"minecraft:waxed_exposed_cut_copper_slab":140,"minecraft:smooth_basalt":75,"minecraft:basalt":5,"minecraft:coal_block":4,"minecraft:glowstone":12,"minecraft:lime_concrete":4,"minecraft:bow":2,"minecraft:gray_bed":1,"minecraft:andesite":20,"minecraft:polished_diorite_stairs":28,"minecraft:infested_cobblestone":54,"minecraft:skeleton_skull":5,"minecraft:stone_pressure_plate":1,"minecraft:white_concrete":43,"minecraft:cobbled_deepslate":24,"structure_gel:building_tool":253,"minecraft:gray_wool":64}},"DataVersion":3120}