{"stats":{"minecraft:dropped":{"minecraft:netherite_sword":1,"minecraft:waxed_exposed_cut_copper":1,"minecraft:diamond_chestplate":4,"minecraft:diamond_helmet":10,"structure_gel:building_tool":1,"minecraft:arrow":63,"minecraft:bow":2},"minecraft:killed":{"minecraft:cat":3},"minecraft:custom":{"minecraft:mob_kills":5,"minecraft:interact_with_anvil":2,"minecraft:leave_game":44,"minecraft:time_since_death":451947,"minecraft:climb_one_cm":7794,"minecraft:damage_resisted":39,"minecraft:time_since_rest":451983,"minecraft:sprint_one_cm":115480,"minecraft:damage_absorbed":156,"minecraft:damage_taken":2620,"minecraft:walk_one_cm":309137,"minecraft:drop":20,"minecraft:damage_dealt":30,"minecraft:fly_one_cm":2638737,"minecraft:crouch_one_cm":20112,"minecraft:play_time":471718,"minecraft:deaths":7,"minecraft:sneak_time":27902,"minecraft:walk_under_water_one_cm":186,"minecraft:aviate_one_cm":475641,"minecraft:jump":1418,"minecraft:walk_on_water_one_cm":124733,"minecraft:total_world_time":471718,"minecraft:fall_one_cm":42117},"minecraft:picked_up":{"minecraft:barrier":1,"structure_gel:building_tool":1,"minecraft:jungle_button":1,"minecraft:string":186,"minecraft:stone_bricks":13,"minecraft:bow":1,"minecraft:waxed_exposed_cut_copper":1,"minecraft:diamond_helmet":10,"minecraft:dark_oak_door":4,"minecraft:golden_helmet":1,"minecraft:stone_brick_slab":9,"minecraft:stone_button":2,"minecraft:redstone":1,"minecraft:diamond_chestplate":4,"minecraft:cyan_terracotta":1,"minecraft:gray_wool":14},"minecraft:used":{"minecraft:calcite":38,"minecraft:trident":13,"minecraft:waxed_exposed_cut_copper":876,"minecraft:diorite":35,"minecraft:cobblestone_stairs":8,"minecraft:dead_tube_coral_block":2,"minecraft:polished_deepslate":190,"minecraft:netherite_chestplate":1,"minecraft:red_concrete":2,"minecraft:acacia_trapdoor":5,"minecraft:redstone":7,"minecraft:polished_andesite":888,"minecraft:elytra":1,"minecraft:bone_block":2,"minecraft:tinted_glass":15,"minecraft:redstone_block":45,"minecraft:clay":1,"minecraft:cobblestone_slab":9,"minecraft:player_head":3,"minecraft:conduit":2,"minecraft:polished_deepslate_slab":38,"minecraft:anvil":8,"minecraft:netherite_leggings":1,"minecraft:netherite_helmet":1,"minecraft:crossbow":16,"minecraft:yellow_concrete":25,"minecraft:blue_ice":11,"minecraft:light_gray_concrete_powder":2,"minecraft:ochre_froglight":31,"minecraft:jungle_trapdoor":4,"minecraft:tuff":48,"minecraft:deepslate_lapis_ore":9,"minecraft:dark_oak_door":9,"minecraft:polished_diorite":55,"minecraft:polished_deepslate_stairs":20,"minecraft:shroomlight":18,"minecraft:andesite_wall":153,"minecraft:stone_brick_slab":22,"minecraft:black_concrete":14,"minecraft:cyan_terracotta":11,"minecraft:firework_rocket":47,"minecraft:waxed_exposed_cut_copper_stairs":142,"minecraft:command_block":5,"minecraft:barrier":14,"minecraft:polished_deepslate_wall":7,"minecraft:polished_andesite_stairs":364,"minecraft:stone_button":18,"minecraft:spruce_trapdoor":2,"minecraft:diorite_wall":27,"minecraft:gravel":21,"minecraft:smooth_basalt":75,"minecraft:stone_bricks":18,"minecraft:polished_andesite_slab":310,"minecraft:waxed_exposed_cut_copper_slab":140,"minecraft:golden_helmet":1,"minecraft:netherite_boots":1,"minecraft:basalt":5,"minecraft:coal_block":4,"minecraft:glowstone":12,"minecraft:lime_concrete":4,"minecraft:bow":26,"minecraft:gray_bed":1,"minecraft:andesite":20,"minecraft:chain_command_block":1,"minecraft:polished_diorite_stairs":28,"minecraft:infested_cobblestone":54,"minecraft:repeating_command_block":1,"minecraft:skeleton_skull":5,"minecraft:stone_pressure_plate":2,"minecraft:white_concrete":43,"structure_gel:building_tool":253,"minecraft:cobbled_deepslate":24,"minecraft:gray_wool":64,"minecraft:enchanted_golden_apple":3}},"DataVersion":3120}