{"stats":{"minecraft:mined":{"minecraft:gray_wool":1},"minecraft:killed":{"minecraft:cat":3},"minecraft:dropped":{"minecraft:diamond_leggings":1,"minecraft:barrier":2,"minecraft:command_block":3,"minecraft:diamond_helmet":11,"structure_gel:building_tool":1,"minecraft:netherite_sword":1,"minecraft:waxed_exposed_cut_copper":1,"minecraft:totem_of_undying":2,"minecraft:orange_banner":2,"minecraft:diamond_chestplate":5,"minecraft:stone_pressure_plate":66,"minecraft:diamond_boots":1,"minecraft:arrow":63,"minecraft:bow":3,"minecraft:written_book":1},"minecraft:picked_up":{"minecraft:azure_bluet":3,"minecraft:orange_banner":2,"minecraft:stone_brick_stairs":4,"minecraft:string":186,"minecraft:smooth_stone_slab":8,"minecraft:oak_sign":1,"minecraft:diamond_leggings":4,"minecraft:bucket":1,"minecraft:waxed_exposed_cut_copper":1,"minecraft:minecart":1,"minecraft:enchanted_golden_apple":64,"minecraft:dark_oak_door":8,"minecraft:golden_helmet":1,"minecraft:porkchop":18,"minecraft:stone_button":4,"minecraft:redstone":14,"minecraft:stone_pressure_plate":5,"minecraft:command_block":1,"minecraft:diamond_chestplate":7,"minecraft:diamond_boots":4,"minecraft:cyan_terracotta":17,"minecraft:totem_of_undying":1,"minecraft:cobblestone":3,"minecraft:barrier":4,"minecraft:andesite":2,"structure_gel:building_tool":1,"minecraft:jungle_button":1,"minecraft:dirt":674,"minecraft:stone_bricks":21,"minecraft:bow":1,"minecraft:wheat_seeds":2,"minecraft:diamond_helmet":13,"minecraft:milk_bucket":1,"minecraft:dark_oak_slab":1,"minecraft:stone_brick_slab":10,"minecraft:gravel":2,"minecraft:birch_sign":1,"minecraft:gray_wool":20,"minecraft:golden_apple":573},"minecraft:custom":{"minecraft:interact_with_anvil":3,"minecraft:mob_kills":5,"minecraft:open_barrel":1,"minecraft:leave_game":56,"minecraft:time_since_death":200620,"minecraft:damage_resisted":1429,"minecraft:climb_one_cm":20169,"minecraft:sprint_one_cm":998866,"minecraft:walk_one_cm":1442349,"minecraft:drop":38,"minecraft:strider_one_cm":7416,"minecraft:play_time":1083234,"minecraft:deaths":24,"minecraft:sneak_time":84226,"minecraft:walk_under_water_one_cm":4505,"minecraft:jump":7691,"minecraft:walk_on_water_one_cm":173859,"minecraft:total_world_time":1083234,"minecraft:tune_noteblock":11,"minecraft:time_since_rest":200711,"minecraft:open_enderchest":4,"minecraft:damage_taken":14328,"minecraft:damage_absorbed":5889,"minecraft:damage_dealt":129,"minecraft:minecart_one_cm":51425,"minecraft:fly_one_cm":5888980,"minecraft:open_chest":18,"minecraft:crouch_one_cm":126039,"minecraft:aviate_one_cm":875023,"minecraft:fall_one_cm":403769,"minecraft:inspect_dispenser":4},"minecraft:used":{"minecraft:trident":13,"minecraft:waxed_exposed_cut_copper":876,"minecraft:iron_bars":11,"minecraft:dead_tube_coral_block":2,"minecraft:polished_deepslate":190,"minecraft:red_concrete":2,"minecraft:bone_block":2,"minecraft:dispenser":3,"minecraft:redstone":7,"minecraft:ladder":27,"minecraft:elytra":1,"minecraft:light_gray_carpet":2,"minecraft:black_carpet":7,"minecraft:chest":5,"minecraft:tinted_glass":15,"minecraft:stone":8,"minecraft:player_head":3,"minecraft:spruce_leaves":7,"minecraft:anvil":9,"minecraft:diamond_helmet":8,"minecraft:jungle_trapdoor":4,"minecraft:tuff":48,"minecraft:milk_bucket":1,"minecraft:polished_diorite":55,"minecraft:polished_deepslate_stairs":20,"minecraft:andesite_wall":153,"minecraft:shroomlight":18,"minecraft:stone_brick_slab":32,"minecraft:dark_oak_planks":1,"minecraft:cyan_terracotta":25,"minecraft:spruce_wood":20,"minecraft:grass_block":39,"minecraft:polished_deepslate_wall":7,"minecraft:polished_andesite_stairs":364,"minecraft:dark_oak_slab":26,"minecraft:diorite_wall":27,"minecraft:stone_bricks":57,"minecraft:waxed_exposed_cut_copper_slab":140,"minecraft:smooth_basalt":75,"minecraft:netherite_boots":1,"minecraft:diamond_chestplate":8,"minecraft:basalt":5,"minecraft:glowstone":13,"minecraft:bow":85,"minecraft:lime_concrete":4,"minecraft:brown_carpet":1,"minecraft:written_book":1,"minecraft:gray_bed":2,"minecraft:minecart":1,"minecraft:polished_diorite_stairs":28,"minecraft:infested_cobblestone":54,"minecraft:skeleton_skull":5,"minecraft:stone_pressure_plate":6,"minecraft:cobbled_deepslate":24,"minecraft:enchanted_golden_apple":36,"minecraft:pointed_dripstone":15,"minecraft:calcite":38,"minecraft:water_bucket":1,"minecraft:diorite":35,"minecraft:diamond_boots":8,"minecraft:cobblestone_stairs":8,"minecraft:acacia_trapdoor":5,"minecraft:polished_andesite":891,"minecraft:powered_rail":1,"minecraft:netherite_chestplate":1,"minecraft:redstone_block":45,"minecraft:glow_ink_sac":1,"minecraft:clay":1,"minecraft:cobblestone_slab":9,"minecraft:conduit":2,"minecraft:golden_apple":101,"minecraft:polished_deepslate_slab":38,"minecraft:rail":2,"minecraft:netherite_leggings":1,"minecraft:black_banner":3,"minecraft:blue_ice":11,"minecraft:yellow_concrete":25,"minecraft:crossbow":16,"minecraft:netherite_helmet":1,"minecraft:light_gray_concrete_powder":2,"minecraft:note_block":1,"minecraft:ochre_froglight":31,"minecraft:deepslate_lapis_ore":9,"minecraft:dark_oak_door":9,"minecraft:gray_terracotta":1,"minecraft:black_concrete":14,"minecraft:black_wool":1,"minecraft:waxed_exposed_cut_copper_stairs":142,"minecraft:firework_rocket":76,"minecraft:command_block":6,"minecraft:barrier":1310,"minecraft:stone_button":19,"minecraft:stone_slab":1,"minecraft:spruce_trapdoor":6,"minecraft:gravel":21,"minecraft:polished_andesite_slab":310,"minecraft:golden_helmet":1,"minecraft:coal_block":4,"minecraft:cobblestone":1,"minecraft:orange_banner":3,"minecraft:dark_oak_fence":5,"minecraft:white_stained_glass":17,"minecraft:chain_command_block":1,"minecraft:andesite":25,"minecraft:chain":2,"minecraft:repeating_command_block":1,"minecraft:white_concrete":43,"structure_gel:building_tool":689,"minecraft:gray_wool":64,"minecraft:bone_meal":35,"minecraft:diamond_leggings":8}},"DataVersion":3120}