{"stats":{"minecraft:dropped":{"minecraft:netherite_sword":1,"minecraft:command_block":3,"minecraft:waxed_exposed_cut_copper":1,"minecraft:diamond_chestplate":4,"minecraft:diamond_helmet":10,"structure_gel:building_tool":1,"minecraft:stone_pressure_plate":64,"minecraft:arrow":63,"minecraft:bow":3},"minecraft:killed":{"minecraft:cat":3},"minecraft:custom":{"minecraft:mob_kills":5,"minecraft:interact_with_anvil":2,"minecraft:open_barrel":1,"minecraft:leave_game":47,"minecraft:time_since_death":644419,"minecraft:damage_resisted":247,"minecraft:climb_one_cm":16824,"minecraft:time_since_rest":644455,"minecraft:walk_one_cm":507150,"minecraft:sprint_one_cm":197430,"minecraft:open_enderchest":2,"minecraft:damage_taken":3076,"minecraft:damage_absorbed":635,"minecraft:drop":25,"minecraft:damage_dealt":30,"minecraft:fly_one_cm":3999377,"minecraft:open_chest":10,"minecraft:crouch_one_cm":35276,"minecraft:play_time":664190,"minecraft:deaths":7,"minecraft:sneak_time":42516,"minecraft:walk_under_water_one_cm":727,"minecraft:aviate_one_cm":544717,"minecraft:jump":2588,"minecraft:walk_on_water_one_cm":130434,"minecraft:total_world_time":664190,"minecraft:fall_one_cm":42548,"minecraft:inspect_dispenser":4},"minecraft:picked_up":{"minecraft:barrier":1,"minecraft:azure_bluet":2,"minecraft:orange_banner":1,"structure_gel:building_tool":1,"minecraft:jungle_button":1,"minecraft:string":186,"minecraft:dirt":674,"minecraft:oak_sign":1,"minecraft:stone_bricks":13,"minecraft:bow":1,"minecraft:wheat_seeds":2,"minecraft:waxed_exposed_cut_copper":1,"minecraft:diamond_helmet":10,"minecraft:minecart":1,"minecraft:dark_oak_door":4,"minecraft:golden_helmet":1,"minecraft:stone_brick_slab":9,"minecraft:stone_button":2,"minecraft:redstone":1,"minecraft:stone_pressure_plate":1,"minecraft:command_block":1,"minecraft:diamond_chestplate":4,"minecraft:cyan_terracotta":1,"minecraft:birch_sign":1,"minecraft:gray_wool":14},"minecraft:used":{"minecraft:calcite":38,"minecraft:water_bucket":1,"minecraft:trident":13,"minecraft:waxed_exposed_cut_copper":876,"minecraft:diorite":35,"minecraft:iron_bars":11,"minecraft:cobblestone_stairs":8,"minecraft:dead_tube_coral_block":2,"minecraft:polished_deepslate":190,"minecraft:acacia_trapdoor":5,"minecraft:elytra":1,"minecraft:ladder":27,"minecraft:red_concrete":2,"minecraft:redstone":7,"minecraft:dispenser":3,"minecraft:polished_andesite":891,"minecraft:netherite_chestplate":1,"minecraft:bone_block":2,"minecraft:chest":2,"minecraft:tinted_glass":15,"minecraft:stone":8,"minecraft:redstone_block":45,"minecraft:clay":1,"minecraft:glow_ink_sac":1,"minecraft:cobblestone_slab":9,"minecraft:player_head":3,"minecraft:conduit":2,"minecraft:spruce_leaves":7,"minecraft:polished_deepslate_slab":38,"minecraft:anvil":8,"minecraft:netherite_leggings":1,"minecraft:black_banner":3,"minecraft:crossbow":16,"minecraft:blue_ice":11,"minecraft:yellow_concrete":25,"minecraft:netherite_helmet":1,"minecraft:light_gray_concrete_powder":2,"minecraft:tuff":48,"minecraft:jungle_trapdoor":4,"minecraft:ochre_froglight":31,"minecraft:deepslate_lapis_ore":9,"minecraft:dark_oak_door":9,"minecraft:polished_diorite":55,"minecraft:shroomlight":18,"minecraft:polished_deepslate_stairs":20,"minecraft:andesite_wall":153,"minecraft:dark_oak_planks":1,"minecraft:gray_terracotta":1,"minecraft:stone_brick_slab":22,"minecraft:black_wool":1,"minecraft:black_concrete":14,"minecraft:cyan_terracotta":20,"minecraft:firework_rocket":53,"minecraft:waxed_exposed_cut_copper_stairs":142,"minecraft:command_block":6,"minecraft:spruce_wood":20,"minecraft:grass_block":38,"minecraft:stone_button":19,"minecraft:barrier":241,"minecraft:polished_andesite_stairs":364,"minecraft:polished_deepslate_wall":7,"minecraft:dark_oak_slab":17,"minecraft:spruce_trapdoor":2,"minecraft:smooth_basalt":75,"minecraft:diorite_wall":27,"minecraft:gravel":21,"minecraft:polished_andesite_slab":310,"minecraft:stone_bricks":38,"minecraft:waxed_exposed_cut_copper_slab":140,"minecraft:golden_helmet":1,"minecraft:netherite_boots":1,"minecraft:basalt":5,"minecraft:glowstone":12,"minecraft:coal_block":4,"minecraft:lime_concrete":4,"minecraft:bow":85,"minecraft:orange_banner":3,"minecraft:andesite":25,"minecraft:repeating_command_block":1,"minecraft:chain":2,"minecraft:gray_bed":1,"minecraft:white_stained_glass":17,"minecraft:chain_command_block":1,"minecraft:polished_diorite_stairs":28,"minecraft:infested_cobblestone":54,"minecraft:skeleton_skull":5,"minecraft:stone_pressure_plate":6,"minecraft:white_concrete":43,"structure_gel:building_tool":353,"minecraft:cobbled_deepslate":24,"minecraft:gray_wool":64,"minecraft:enchanted_golden_apple":7,"minecraft:bone_meal":35,"minecraft:pointed_dripstone":15}},"DataVersion":3120}