{"stats":{"minecraft:dropped":{"minecraft:diamond_chestplate":4,"minecraft:diamond_helmet":10,"structure_gel:building_tool":1,"minecraft:waxed_exposed_cut_copper":1},"minecraft:picked_up":{"minecraft:golden_helmet":1,"minecraft:barrier":1,"structure_gel:building_tool":1,"minecraft:stone_button":1,"minecraft:redstone":1,"minecraft:diamond_chestplate":4,"minecraft:waxed_exposed_cut_copper":1,"minecraft:diamond_helmet":10},"minecraft:custom":{"minecraft:time_since_rest":258909,"minecraft:sprint_one_cm":39959,"minecraft:walk_one_cm":88368,"minecraft:damage_taken":2520,"minecraft:drop":16,"minecraft:fly_one_cm":1389794,"minecraft:crouch_one_cm":5464,"minecraft:play_time":278644,"minecraft:deaths":7,"minecraft:sneak_time":14334,"minecraft:aviate_one_cm":265094,"minecraft:jump":428,"minecraft:leave_game":35,"minecraft:walk_on_water_one_cm":44074,"minecraft:time_since_death":258873,"minecraft:total_world_time":278644,"minecraft:fall_one_cm":38969},"minecraft:used":{"minecraft:polished_deepslate_stairs":20,"minecraft:andesite_wall":130,"minecraft:waxed_exposed_cut_copper":876,"minecraft:diorite":22,"minecraft:cyan_terracotta":1,"minecraft:black_concrete":13,"minecraft:firework_rocket":21,"minecraft:waxed_exposed_cut_copper_stairs":142,"minecraft:cobblestone_stairs":8,"minecraft:polished_deepslate":173,"minecraft:polished_andesite_stairs":344,"minecraft:acacia_trapdoor":5,"minecraft:polished_andesite":873,"minecraft:elytra":1,"minecraft:stone_button":2,"minecraft:polished_deepslate_wall":3,"minecraft:tinted_glass":15,"minecraft:spruce_trapdoor":2,"minecraft:redstone_block":45,"minecraft:gravel":18,"minecraft:cobblestone_slab":9,"minecraft:diorite_wall":13,"minecraft:smooth_basalt":32,"minecraft:stone_bricks":1,"minecraft:polished_andesite_slab":278,"minecraft:waxed_exposed_cut_copper_slab":140,"minecraft:golden_helmet":1,"minecraft:basalt":5,"minecraft:polished_deepslate_slab":36,"minecraft:polished_diorite_stairs":28,"minecraft:infested_cobblestone":45,"minecraft:tuff":32,"minecraft:jungle_trapdoor":4,"structure_gel:building_tool":230,"minecraft:cobbled_deepslate":24,"minecraft:polished_diorite":53,"minecraft:calcite":34}},"DataVersion":3120}