{"stats":{"minecraft:dropped":{"minecraft:diamond_chestplate":4,"minecraft:diamond_helmet":10,"structure_gel:building_tool":1,"minecraft:waxed_exposed_cut_copper":1},"minecraft:picked_up":{"minecraft:golden_helmet":1,"minecraft:barrier":1,"minecraft:stone_brick_slab":9,"structure_gel:building_tool":1,"minecraft:stone_button":1,"minecraft:redstone":1,"minecraft:diamond_chestplate":4,"minecraft:stone_bricks":13,"minecraft:waxed_exposed_cut_copper":1,"minecraft:gray_wool":14,"minecraft:diamond_helmet":10,"minecraft:dark_oak_door":4},"minecraft:custom":{"minecraft:time_since_rest":325728,"minecraft:sprint_one_cm":56490,"minecraft:damage_taken":2520,"minecraft:walk_one_cm":122937,"minecraft:drop":16,"minecraft:fly_one_cm":2211740,"minecraft:crouch_one_cm":7399,"minecraft:play_time":345463,"minecraft:deaths":7,"minecraft:sneak_time":20246,"minecraft:walk_under_water_one_cm":38,"minecraft:aviate_one_cm":475641,"minecraft:jump":622,"minecraft:leave_game":38,"minecraft:walk_on_water_one_cm":90425,"minecraft:time_since_death":325692,"minecraft:total_world_time":345463,"minecraft:fall_one_cm":38969},"minecraft:used":{"minecraft:calcite":38,"minecraft:andesite_wall":153,"minecraft:waxed_exposed_cut_copper":876,"minecraft:diorite":35,"minecraft:black_concrete":14,"minecraft:cyan_terracotta":1,"minecraft:firework_rocket":47,"minecraft:waxed_exposed_cut_copper_stairs":142,"minecraft:cobblestone_stairs":8,"minecraft:dead_tube_coral_block":2,"minecraft:polished_deepslate":190,"minecraft:polished_andesite_stairs":364,"minecraft:acacia_trapdoor":5,"minecraft:elytra":1,"minecraft:polished_andesite":888,"minecraft:bone_block":2,"minecraft:stone_button":16,"minecraft:polished_deepslate_wall":7,"minecraft:tinted_glass":15,"minecraft:spruce_trapdoor":2,"minecraft:redstone_block":45,"minecraft:diorite_wall":27,"minecraft:clay":1,"minecraft:cobblestone_slab":9,"minecraft:gravel":21,"minecraft:smooth_basalt":59,"minecraft:polished_andesite_slab":310,"minecraft:stone_bricks":2,"minecraft:waxed_exposed_cut_copper_slab":140,"minecraft:golden_helmet":1,"minecraft:basalt":5,"minecraft:polished_deepslate_slab":38,"minecraft:skeleton_skull":5,"minecraft:andesite":20,"minecraft:blue_ice":11,"minecraft:polished_diorite_stairs":28,"minecraft:infested_cobblestone":54,"minecraft:light_gray_concrete_powder":2,"minecraft:tuff":48,"minecraft:jungle_trapdoor":4,"structure_gel:building_tool":238,"minecraft:cobbled_deepslate":24,"minecraft:deepslate_lapis_ore":9,"minecraft:dark_oak_door":9,"minecraft:polished_diorite":55,"minecraft:polished_deepslate_stairs":20}},"DataVersion":3120}