{"stats":{"minecraft:dropped":{"minecraft:diamond_chestplate":4,"minecraft:diamond_helmet":10,"structure_gel:building_tool":1,"minecraft:waxed_exposed_cut_copper":1},"minecraft:picked_up":{"minecraft:golden_helmet":1,"minecraft:barrier":1,"structure_gel:building_tool":1,"minecraft:stone_button":1,"minecraft:redstone":1,"minecraft:diamond_chestplate":4,"minecraft:waxed_exposed_cut_copper":1,"minecraft:diamond_helmet":10},"minecraft:custom":{"minecraft:time_since_rest":226917,"minecraft:sprint_one_cm":39786,"minecraft:walk_one_cm":84218,"minecraft:damage_taken":2520,"minecraft:drop":16,"minecraft:fly_one_cm":1152405,"minecraft:crouch_one_cm":5292,"minecraft:play_time":246652,"minecraft:deaths":7,"minecraft:sneak_time":12550,"minecraft:aviate_one_cm":158813,"minecraft:jump":416,"minecraft:leave_game":33,"minecraft:walk_on_water_one_cm":44074,"minecraft:time_since_death":226881,"minecraft:total_world_time":246652,"minecraft:fall_one_cm":38969},"minecraft:used":{"minecraft:polished_deepslate_stairs":20,"minecraft:andesite_wall":108,"minecraft:waxed_exposed_cut_copper":876,"minecraft:diorite":22,"minecraft:cyan_terracotta":1,"minecraft:black_concrete":13,"minecraft:firework_rocket":15,"minecraft:waxed_exposed_cut_copper_stairs":142,"minecraft:polished_deepslate":140,"minecraft:polished_andesite_stairs":336,"minecraft:acacia_trapdoor":5,"minecraft:polished_andesite":841,"minecraft:elytra":1,"minecraft:stone_button":2,"minecraft:polished_deepslate_wall":3,"minecraft:tinted_glass":8,"minecraft:spruce_trapdoor":2,"minecraft:redstone_block":36,"minecraft:diorite_wall":2,"minecraft:stone_bricks":1,"minecraft:polished_andesite_slab":263,"minecraft:waxed_exposed_cut_copper_slab":140,"minecraft:golden_helmet":1,"minecraft:polished_deepslate_slab":34,"minecraft:polished_diorite_stairs":28,"minecraft:infested_cobblestone":25,"minecraft:tuff":22,"minecraft:jungle_trapdoor":4,"structure_gel:building_tool":216,"minecraft:cobbled_deepslate":23,"minecraft:polished_diorite":52,"minecraft:calcite":34}},"DataVersion":3120}