{"stats":{"minecraft:dropped":{"minecraft:diamond_chestplate":4,"minecraft:diamond_helmet":10,"structure_gel:building_tool":1,"minecraft:waxed_exposed_cut_copper":1},"minecraft:picked_up":{"minecraft:golden_helmet":1,"minecraft:barrier":1,"structure_gel:building_tool":1,"minecraft:stone_button":1,"minecraft:redstone":1,"minecraft:diamond_chestplate":4,"minecraft:waxed_exposed_cut_copper":1,"minecraft:diamond_helmet":10},"minecraft:custom":{"minecraft:time_since_rest":203580,"minecraft:sprint_one_cm":38981,"minecraft:walk_one_cm":59533,"minecraft:damage_taken":2520,"minecraft:drop":16,"minecraft:fly_one_cm":1033610,"minecraft:crouch_one_cm":4093,"minecraft:play_time":223315,"minecraft:deaths":7,"minecraft:sneak_time":10596,"minecraft:aviate_one_cm":158813,"minecraft:jump":370,"minecraft:leave_game":32,"minecraft:walk_on_water_one_cm":44074,"minecraft:time_since_death":203544,"minecraft:total_world_time":223315,"minecraft:fall_one_cm":38969},"minecraft:used":{"minecraft:polished_deepslate_stairs":16,"minecraft:andesite_wall":50,"minecraft:waxed_exposed_cut_copper":876,"minecraft:diorite":22,"minecraft:cyan_terracotta":1,"minecraft:black_concrete":13,"minecraft:firework_rocket":15,"minecraft:waxed_exposed_cut_copper_stairs":142,"minecraft:polished_deepslate":136,"minecraft:acacia_trapdoor":5,"minecraft:polished_andesite":755,"minecraft:polished_andesite_stairs":202,"minecraft:elytra":1,"minecraft:stone_button":2,"minecraft:tinted_glass":8,"minecraft:spruce_trapdoor":2,"minecraft:diorite_wall":2,"minecraft:stone_bricks":1,"minecraft:polished_andesite_slab":246,"minecraft:waxed_exposed_cut_copper_slab":140,"minecraft:golden_helmet":1,"minecraft:polished_deepslate_slab":33,"minecraft:polished_diorite_stairs":28,"minecraft:infested_cobblestone":16,"minecraft:jungle_trapdoor":4,"minecraft:tuff":8,"structure_gel:building_tool":216,"minecraft:cobbled_deepslate":10,"minecraft:polished_diorite":52,"minecraft:calcite":34}},"DataVersion":3120}