{"stats":{"minecraft:dropped":{"minecraft:jungle_button":1},"minecraft:killed_by":{"minecraft:player":1},"minecraft:custom":{"minecraft:interact_with_anvil":2,"minecraft:interact_with_crafting_table":3,"minecraft:tune_noteblock":9,"minecraft:leave_game":14,"minecraft:time_since_death":264191,"minecraft:climb_one_cm":4150,"minecraft:time_since_rest":264245,"minecraft:sprint_one_cm":77793,"minecraft:walk_one_cm":1507374,"minecraft:damage_taken":8598,"minecraft:damage_absorbed":40,"minecraft:drop":1,"minecraft:minecart_one_cm":59782,"minecraft:damage_dealt":130,"minecraft:fly_one_cm":6230195,"minecraft:open_chest":2,"minecraft:crouch_one_cm":19092,"minecraft:play_time":947214,"minecraft:deaths":16,"minecraft:sneak_time":31270,"minecraft:walk_under_water_one_cm":6036,"minecraft:aviate_one_cm":3136674,"minecraft:jump":3029,"minecraft:walk_on_water_one_cm":614035,"minecraft:total_world_time":947214,"minecraft:fall_one_cm":77194,"minecraft:inspect_dispenser":1},"minecraft:picked_up":{"minecraft:wooden_axe":1,"minecraft:barrier":1,"minecraft:repeater":1,"minecraft:ladder":1,"minecraft:water_bucket":1,"minecraft:andesite":1,"structure_gel:building_tool":1,"minecraft:stone_brick_stairs":4,"minecraft:string":107,"minecraft:dirt":24,"minecraft:elytra":2,"minecraft:smooth_stone_slab":12,"minecraft:oak_sign":1,"minecraft:gray_carpet":1,"minecraft:stone_bricks":39,"minecraft:bow":2,"minecraft:netherite_sword":1,"minecraft:player_head":1,"minecraft:minecart":1,"minecraft:powered_rail":1,"minecraft:dark_oak_door":503,"minecraft:dark_oak_slab":1,"minecraft:stone_brick_slab":1,"minecraft:gravel":4,"minecraft:porkchop":5,"minecraft:crimson_button":1,"minecraft:stone_button":13,"minecraft:redstone":41,"minecraft:stone_pressure_plate":2,"minecraft:tnt":1,"minecraft:polished_andesite":7,"minecraft:arrow":63,"minecraft:gray_wool":8,"minecraft:lever":1,"minecraft:cyan_terracotta":14,"minecraft:totem_of_undying":1,"minecraft:cobblestone":1},"minecraft:used":{"minecraft:calcite":54,"minecraft:moss_block":33,"minecraft:moss_carpet":6,"minecraft:water_bucket":50,"minecraft:damaged_anvil":1,"minecraft:waxed_exposed_cut_copper":2,"minecraft:end_rod":1,"minecraft:iron_bars":3,"minecraft:enchanting_table":1,"minecraft:polished_deepslate":10,"minecraft:flint_and_steel":1,"minecraft:infested_stone":10,"minecraft:red_concrete":1,"minecraft:gray_carpet":1,"minecraft:polished_andesite":257,"minecraft:redstone":241,"minecraft:elytra":5,"minecraft:copper_block":23,"minecraft:mangrove_button":1,"minecraft:ender_pearl":12,"minecraft:stone":16,"minecraft:redstone_block":13,"minecraft:clay":75,"minecraft:green_bed":2,"minecraft:beacon":2,"minecraft:player_head":4,"minecraft:cracked_stone_bricks":5,"minecraft:smooth_quartz_stairs":9,"minecraft:debug_stick":12,"minecraft:spruce_leaves":13,"minecraft:glow_item_frame":2,"minecraft:golden_apple":1,"minecraft:polished_deepslate_slab":7,"minecraft:dirt":67,"minecraft:diamond_block":1,"minecraft:terracotta":84,"minecraft:comparator":2,"minecraft:white_carpet":1,"minecraft:tnt":650,"minecraft:crafting_table":5,"minecraft:blue_stained_glass":1,"minecraft:black_banner":2,"minecraft:prismarine_brick_stairs":2,"minecraft:weathered_cut_copper_slab":24,"minecraft:light_gray_terracotta":35,"minecraft:crossbow":33,"minecraft:sculk_shrieker":1,"minecraft:campfire":1,"minecraft:note_block":9,"structure_gel:red_gel":11,"minecraft:dripstone_block":15,"minecraft:tuff":2,"minecraft:painting":25,"minecraft:warped_planks":6,"minecraft:dark_oak_door":5,"minecraft:polished_diorite":112,"minecraft:dark_oak_planks":2,"minecraft:birch_fence":1,"minecraft:crimson_button":1,"minecraft:glass":12,"minecraft:gray_terracotta":8,"minecraft:sticky_piston":2,"minecraft:lever":5,"minecraft:mud":20,"minecraft:stone_brick_slab":276,"minecraft:black_wool":104,"minecraft:black_concrete":22,"minecraft:cyan_terracotta":236,"minecraft:firework_rocket":882,"minecraft:coal_ore":1,"minecraft:stone_button":17,"minecraft:command_block":20,"minecraft:heavy_weighted_pressure_plate":2,"minecraft:quartz_slab":1,"minecraft:light_gray_concrete":3,"minecraft:polished_andesite_stairs":38,"minecraft:grass_block":2,"minecraft:quartz_block":31,"minecraft:verdant_froglight":11,"minecraft:barrier":472,"minecraft:slime_block":137,"minecraft:detector_rail":1,"minecraft:spruce_trapdoor":2,"minecraft:iron_door":5,"minecraft:crimson_planks":2,"minecraft:deepslate":16,"minecraft:dark_oak_button":6,"minecraft:diorite_wall":11,"minecraft:polished_andesite_slab":24,"minecraft:stone_brick_stairs":2,"minecraft:stone_bricks":1107,"minecraft:yellow_wool":4,"minecraft:bedrock":9,"minecraft:golden_helmet":1,"minecraft:repeater":19,"minecraft:stripped_warped_hyphae":2,"minecraft:basalt":3,"minecraft:coal_block":21,"minecraft:exposed_cut_copper_slab":9,"minecraft:cobblestone":35,"minecraft:bow":96,"minecraft:brown_carpet":3,"minecraft:snow":6,"minecraft:yellow_glazed_terracotta":11,"minecraft:white_banner":5,"minecraft:andesite":1,"minecraft:podzol":80,"minecraft:gold_block":2,"minecraft:white_stained_glass":141,"minecraft:minecart":5,"minecraft:chain":15,"minecraft:glass_pane":3,"minecraft:acacia_wood":3,"minecraft:smooth_stone_slab":2,"minecraft:end_portal_frame":3,"minecraft:coarse_dirt":215,"minecraft:stone_pressure_plate":18,"minecraft:white_concrete":3,"structure_gel:building_tool":633,"minecraft:cobbled_deepslate":19,"minecraft:warped_button":1,"minecraft:gray_wool":124,"minecraft:mossy_stone_brick_wall":8,"minecraft:splash_potion":45,"minecraft:soul_torch":1}},"DataVersion":3120}