{"stats":{"minecraft:dropped":{"minecraft:jungle_button":1},"minecraft:killed_by":{"minecraft:player":1},"minecraft:custom":{"minecraft:interact_with_anvil":2,"minecraft:leave_game":13,"minecraft:time_since_death":90750,"minecraft:climb_one_cm":3984,"minecraft:time_since_rest":90804,"minecraft:sprint_one_cm":54749,"minecraft:damage_absorbed":40,"minecraft:damage_taken":8598,"minecraft:walk_one_cm":1261868,"minecraft:drop":1,"minecraft:minecart_one_cm":59782,"minecraft:damage_dealt":130,"minecraft:fly_one_cm":4488165,"minecraft:open_chest":2,"minecraft:crouch_one_cm":17013,"minecraft:play_time":773773,"minecraft:deaths":16,"minecraft:sneak_time":21736,"minecraft:walk_under_water_one_cm":6036,"minecraft:aviate_one_cm":2363453,"minecraft:jump":2436,"minecraft:walk_on_water_one_cm":607279,"minecraft:total_world_time":773773,"minecraft:fall_one_cm":77194,"minecraft:inspect_dispenser":1},"minecraft:picked_up":{"minecraft:barrier":1,"minecraft:ladder":1,"minecraft:water_bucket":1,"structure_gel:building_tool":1,"minecraft:dirt":23,"minecraft:string":107,"minecraft:elytra":2,"minecraft:oak_sign":1,"minecraft:gray_carpet":1,"minecraft:stone_bricks":14,"minecraft:bow":2,"minecraft:netherite_sword":1,"minecraft:minecart":1,"minecraft:powered_rail":1,"minecraft:dark_oak_door":503,"minecraft:dark_oak_slab":1,"minecraft:porkchop":5,"minecraft:crimson_button":1,"minecraft:stone_button":12,"minecraft:redstone":26,"minecraft:tnt":1,"minecraft:polished_andesite":7,"minecraft:arrow":63,"minecraft:lever":1,"minecraft:cyan_terracotta":8},"minecraft:used":{"minecraft:calcite":54,"minecraft:moss_block":33,"minecraft:moss_carpet":6,"minecraft:water_bucket":50,"minecraft:damaged_anvil":1,"minecraft:waxed_exposed_cut_copper":2,"minecraft:end_rod":1,"minecraft:iron_bars":3,"minecraft:enchanting_table":1,"minecraft:polished_deepslate":10,"minecraft:infested_stone":10,"minecraft:red_concrete":1,"minecraft:gray_carpet":1,"minecraft:polished_andesite":257,"minecraft:redstone":167,"minecraft:elytra":4,"minecraft:mangrove_button":1,"minecraft:ender_pearl":9,"minecraft:stone":16,"minecraft:redstone_block":13,"minecraft:clay":75,"minecraft:beacon":2,"minecraft:green_bed":2,"minecraft:smooth_quartz_stairs":9,"minecraft:debug_stick":12,"minecraft:spruce_leaves":13,"minecraft:glow_item_frame":2,"minecraft:golden_apple":1,"minecraft:polished_deepslate_slab":7,"minecraft:diamond_block":1,"minecraft:dirt":67,"minecraft:terracotta":27,"minecraft:comparator":2,"minecraft:white_carpet":1,"minecraft:tnt":624,"minecraft:weathered_cut_copper_slab":24,"minecraft:prismarine_brick_stairs":2,"minecraft:black_banner":2,"minecraft:light_gray_terracotta":35,"minecraft:sculk_shrieker":1,"minecraft:crossbow":33,"minecraft:campfire":1,"structure_gel:red_gel":11,"minecraft:dripstone_block":15,"minecraft:tuff":2,"minecraft:painting":25,"minecraft:warped_planks":6,"minecraft:dark_oak_door":5,"minecraft:polished_diorite":112,"minecraft:birch_fence":1,"minecraft:dark_oak_planks":2,"minecraft:crimson_button":1,"minecraft:sticky_piston":2,"minecraft:gray_terracotta":8,"minecraft:mud":20,"minecraft:stone_brick_slab":276,"minecraft:lever":4,"minecraft:black_wool":104,"minecraft:cyan_terracotta":102,"minecraft:black_concrete":22,"minecraft:firework_rocket":586,"minecraft:coal_ore":1,"minecraft:stone_button":17,"minecraft:command_block":19,"minecraft:heavy_weighted_pressure_plate":2,"minecraft:quartz_slab":1,"minecraft:light_gray_concrete":3,"minecraft:polished_andesite_stairs":38,"minecraft:grass_block":2,"minecraft:quartz_block":31,"minecraft:barrier":240,"minecraft:slime_block":137,"minecraft:verdant_froglight":11,"minecraft:detector_rail":1,"minecraft:iron_door":5,"minecraft:deepslate":16,"minecraft:dark_oak_button":6,"minecraft:diorite_wall":11,"minecraft:polished_andesite_slab":24,"minecraft:stone_brick_stairs":2,"minecraft:stone_bricks":1033,"minecraft:yellow_wool":4,"minecraft:golden_helmet":1,"minecraft:repeater":8,"minecraft:stripped_warped_hyphae":2,"minecraft:basalt":3,"minecraft:coal_block":21,"minecraft:exposed_cut_copper_slab":9,"minecraft:cobblestone":25,"minecraft:bow":96,"minecraft:brown_carpet":3,"minecraft:snow":6,"minecraft:yellow_glazed_terracotta":11,"minecraft:white_banner":5,"minecraft:podzol":80,"minecraft:minecart":5,"minecraft:andesite":1,"minecraft:gold_block":2,"minecraft:chain":15,"minecraft:glass_pane":3,"minecraft:acacia_wood":3,"minecraft:smooth_stone_slab":2,"minecraft:end_portal_frame":3,"minecraft:coarse_dirt":215,"minecraft:stone_pressure_plate":1,"minecraft:white_concrete":3,"structure_gel:building_tool":387,"minecraft:cobbled_deepslate":19,"minecraft:warped_button":1,"minecraft:gray_wool":105,"minecraft:mossy_stone_brick_wall":8,"minecraft:splash_potion":45,"minecraft:soul_torch":1}},"DataVersion":3120}