{"stats":{"minecraft:custom":{"minecraft:interact_with_anvil":1,"minecraft:leave_game":7,"minecraft:time_since_death":363890,"minecraft:climb_one_cm":20,"minecraft:time_since_rest":363937,"minecraft:damage_absorbed":40,"minecraft:sprint_one_cm":28312,"minecraft:damage_taken":7760,"minecraft:walk_one_cm":815825,"minecraft:damage_dealt":100,"minecraft:minecart_one_cm":8932,"minecraft:fly_one_cm":3173611,"minecraft:crouch_one_cm":11553,"minecraft:play_time":510243,"minecraft:deaths":13,"minecraft:sneak_time":14903,"minecraft:walk_under_water_one_cm":3251,"minecraft:aviate_one_cm":2287819,"minecraft:jump":1553,"minecraft:walk_on_water_one_cm":296289,"minecraft:total_world_time":510243,"minecraft:fall_one_cm":74336,"minecraft:inspect_dispenser":1},"minecraft:picked_up":{"minecraft:barrier":1,"minecraft:water_bucket":1,"structure_gel:building_tool":1,"minecraft:elytra":2,"minecraft:stone_bricks":8,"minecraft:powered_rail":1,"minecraft:dark_oak_door":503,"minecraft:porkchop":5,"minecraft:crimson_button":1,"minecraft:stone_button":8,"minecraft:redstone":21,"minecraft:tnt":1,"minecraft:polished_andesite":7,"minecraft:lever":1,"minecraft:cyan_terracotta":3},"minecraft:used":{"minecraft:calcite":54,"minecraft:moss_block":33,"minecraft:moss_carpet":6,"minecraft:water_bucket":33,"minecraft:waxed_exposed_cut_copper":2,"minecraft:end_rod":1,"minecraft:enchanting_table":1,"minecraft:polished_deepslate":8,"minecraft:redstone":113,"minecraft:polished_andesite":249,"minecraft:elytra":4,"minecraft:mangrove_button":1,"minecraft:stone":16,"minecraft:redstone_block":12,"minecraft:beacon":2,"minecraft:green_bed":2,"minecraft:clay":75,"minecraft:smooth_quartz_stairs":9,"minecraft:debug_stick":12,"minecraft:spruce_leaves":13,"minecraft:glow_item_frame":2,"minecraft:golden_apple":1,"minecraft:polished_deepslate_slab":7,"minecraft:diamond_block":1,"minecraft:dirt":67,"minecraft:comparator":2,"minecraft:terracotta":27,"minecraft:white_carpet":1,"minecraft:tnt":624,"minecraft:prismarine_brick_stairs":2,"minecraft:weathered_cut_copper_slab":24,"minecraft:light_gray_terracotta":35,"minecraft:sculk_shrieker":1,"minecraft:campfire":1,"structure_gel:red_gel":11,"minecraft:painting":25,"minecraft:tuff":2,"minecraft:dark_oak_door":5,"minecraft:polished_diorite":112,"minecraft:birch_fence":1,"minecraft:sticky_piston":2,"minecraft:crimson_button":1,"minecraft:dark_oak_planks":2,"minecraft:mud":20,"minecraft:gray_terracotta":1,"minecraft:stone_brick_slab":159,"minecraft:lever":2,"minecraft:black_wool":104,"minecraft:cyan_terracotta":69,"minecraft:black_concrete":22,"minecraft:firework_rocket":586,"minecraft:heavy_weighted_pressure_plate":2,"minecraft:quartz_slab":1,"minecraft:command_block":1,"minecraft:light_gray_concrete":3,"minecraft:quartz_block":31,"minecraft:verdant_froglight":11,"minecraft:grass_block":2,"minecraft:barrier":181,"minecraft:slime_block":96,"minecraft:polished_andesite_stairs":35,"minecraft:stone_button":8,"minecraft:detector_rail":1,"minecraft:iron_door":5,"minecraft:diorite_wall":11,"minecraft:dark_oak_button":6,"minecraft:deepslate":16,"minecraft:stone_brick_stairs":2,"minecraft:stone_bricks":515,"minecraft:polished_andesite_slab":23,"minecraft:golden_helmet":1,"minecraft:exposed_cut_copper_slab":9,"minecraft:coal_block":21,"minecraft:repeater":3,"minecraft:brown_carpet":3,"minecraft:cobblestone":25,"minecraft:snow":6,"minecraft:white_banner":5,"minecraft:podzol":80,"minecraft:chain":15,"minecraft:glass_pane":3,"minecraft:gold_block":2,"minecraft:acacia_wood":3,"minecraft:smooth_stone_slab":2,"minecraft:end_portal_frame":3,"minecraft:stone_pressure_plate":1,"minecraft:white_concrete":2,"minecraft:coarse_dirt":215,"minecraft:cobbled_deepslate":19,"structure_gel:building_tool":378,"minecraft:gray_wool":97,"minecraft:mossy_stone_brick_wall":8,"minecraft:splash_potion":45}},"DataVersion":3120}