{"stats":{"minecraft:dropped":{"minecraft:light_weighted_pressure_plate":3,"minecraft:cyan_terracotta":1,"minecraft:milk_bucket":1,"minecraft:jungle_button":1,"minecraft:sand":1,"minecraft:birch_pressure_plate":2},"minecraft:killed_by":{"minecraft:player":1},"minecraft:killed":{"minecraft:strider":2},"minecraft:custom":{"minecraft:mob_kills":2,"minecraft:interact_with_anvil":2,"minecraft:interact_with_crafting_table":3,"minecraft:leave_game":14,"minecraft:time_since_death":51960,"minecraft:damage_resisted":105,"minecraft:climb_one_cm":8832,"minecraft:sprint_one_cm":115152,"minecraft:walk_one_cm":1796859,"minecraft:drop":9,"minecraft:strider_one_cm":2428,"minecraft:play_time":1042610,"minecraft:deaths":21,"minecraft:sneak_time":33985,"minecraft:walk_under_water_one_cm":6036,"minecraft:jump":3867,"minecraft:walk_on_water_one_cm":622857,"minecraft:total_world_time":1042610,"minecraft:tune_noteblock":9,"minecraft:time_since_rest":52011,"minecraft:damage_taken":10178,"minecraft:damage_absorbed":200,"minecraft:damage_dealt":530,"minecraft:minecart_one_cm":59782,"minecraft:fly_one_cm":6750659,"minecraft:open_chest":3,"minecraft:crouch_one_cm":23567,"minecraft:aviate_one_cm":3330990,"minecraft:fall_one_cm":116928,"minecraft:inspect_dispenser":1},"minecraft:picked_up":{"minecraft:wooden_axe":1,"minecraft:black_carpet":1,"minecraft:azure_bluet":2,"minecraft:ladder":1,"minecraft:stone_brick_stairs":10,"minecraft:string":111,"minecraft:elytra":2,"minecraft:smooth_stone_slab":15,"minecraft:oak_sign":1,"minecraft:netherite_sword":1,"minecraft:light_weighted_pressure_plate":3,"minecraft:written_book":1,"minecraft:player_head":1,"minecraft:minecart":1,"minecraft:dark_oak_door":503,"minecraft:porkchop":5,"minecraft:crimson_button":1,"minecraft:stone_button":15,"minecraft:redstone":41,"minecraft:stone_pressure_plate":2,"minecraft:tnt":1,"minecraft:arrow":63,"minecraft:cyan_terracotta":25,"minecraft:totem_of_undying":1,"minecraft:cobblestone":1,"minecraft:barrier":1,"minecraft:repeater":1,"minecraft:water_bucket":1,"minecraft:andesite":2,"structure_gel:building_tool":1,"minecraft:dirt":24,"minecraft:birch_pressure_plate":2,"minecraft:gray_carpet":1,"minecraft:stone_bricks":45,"minecraft:bow":2,"minecraft:powered_rail":1,"minecraft:dark_oak_slab":1,"minecraft:stone_brick_slab":3,"minecraft:gravel":4,"minecraft:sand":1,"minecraft:polished_andesite":7,"minecraft:lever":1,"minecraft:gray_wool":10},"minecraft:used":{"minecraft:moss_block":33,"minecraft:moss_carpet":6,"minecraft:netherite_sword":5,"minecraft:waxed_exposed_cut_copper":2,"minecraft:iron_bars":5,"minecraft:enchanting_table":1,"minecraft:polished_deepslate":10,"minecraft:flint_and_steel":1,"minecraft:red_concrete":1,"minecraft:redstone":245,"minecraft:elytra":6,"minecraft:mangrove_button":1,"minecraft:black_carpet":12,"minecraft:stone":16,"minecraft:player_head":4,"minecraft:debug_stick":12,"minecraft:spruce_leaves":13,"minecraft:dirt":138,"minecraft:birch_pressure_plate":2,"minecraft:skeleton_spawn_egg":5,"minecraft:white_carpet":1,"minecraft:blue_stained_glass":1,"minecraft:prismarine_brick_stairs":2,"minecraft:cobblestone_wall":1,"minecraft:tuff":5,"minecraft:polished_diorite":112,"minecraft:glass":12,"minecraft:dark_oak_planks":2,"minecraft:stone_brick_slab":277,"minecraft:crimson_button":1,"minecraft:cyan_terracotta":245,"minecraft:coal_ore":1,"minecraft:iron_block":1,"minecraft:quartz_slab":1,"minecraft:grass_block":7,"minecraft:light_weighted_pressure_plate":1,"minecraft:slime_block":142,"minecraft:polished_andesite_stairs":38,"minecraft:quartz_block":31,"minecraft:dark_oak_button":6,"minecraft:diorite_wall":11,"minecraft:crimson_planks":2,"minecraft:stone_brick_stairs":2,"minecraft:stone_bricks":1116,"minecraft:bedrock":9,"minecraft:basalt":3,"minecraft:repeater":19,"minecraft:exposed_cut_copper_slab":9,"minecraft:bow":96,"minecraft:brown_carpet":3,"minecraft:snow":6,"minecraft:yellow_glazed_terracotta":11,"minecraft:lime_stained_glass":1,"minecraft:podzol":80,"minecraft:minecart":6,"minecraft:gold_block":2,"minecraft:acacia_wood":3,"minecraft:stone_pressure_plate":18,"minecraft:cobbled_deepslate":19,"minecraft:mossy_stone_brick_wall":8,"minecraft:enchanted_golden_apple":1,"minecraft:pointed_dripstone":149,"minecraft:calcite":54,"minecraft:water_bucket":50,"minecraft:end_rod":1,"minecraft:damaged_anvil":1,"minecraft:infested_stone":10,"minecraft:powered_rail":2,"minecraft:gray_carpet":1,"minecraft:polished_andesite":257,"minecraft:lime_wool":5,"minecraft:mangrove_planks":3,"minecraft:copper_block":23,"minecraft:ender_pearl":13,"minecraft:composter":2,"minecraft:redstone_block":17,"minecraft:clay":75,"minecraft:beacon":2,"minecraft:green_bed":2,"minecraft:cracked_stone_bricks":5,"minecraft:smooth_quartz_stairs":9,"minecraft:glow_item_frame":2,"minecraft:golden_apple":1,"minecraft:polished_deepslate_slab":7,"minecraft:rabbit_spawn_egg":2,"minecraft:diamond_block":1,"minecraft:rail":3,"minecraft:comparator":2,"minecraft:terracotta":84,"minecraft:strider_spawn_egg":2,"minecraft:tnt":650,"minecraft:lime_stained_glass_pane":1,"minecraft:crafting_table":5,"minecraft:weathered_cut_copper_slab":24,"minecraft:birch_sign":3,"minecraft:black_banner":2,"minecraft:light_gray_terracotta":35,"minecraft:sculk_shrieker":1,"minecraft:crossbow":33,"minecraft:campfire":1,"minecraft:blackstone_wall":11,"minecraft:note_block":9,"minecraft:dripstone_block":15,"structure_gel:red_gel":11,"minecraft:painting":25,"minecraft:warped_planks":6,"minecraft:dark_oak_door":5,"minecraft:birch_fence":1,"minecraft:sticky_piston":2,"minecraft:mud":28,"minecraft:gray_terracotta":8,"minecraft:lever":5,"minecraft:black_concrete":22,"minecraft:black_wool":104,"minecraft:firework_rocket":950,"minecraft:command_block":21,"minecraft:light_gray_concrete":3,"minecraft:heavy_weighted_pressure_plate":3,"minecraft:stone_button":18,"minecraft:barrier":575,"minecraft:verdant_froglight":11,"minecraft:detector_rail":1,"minecraft:spruce_trapdoor":2,"minecraft:iron_door":5,"minecraft:deepslate":23,"minecraft:yellow_wool":4,"minecraft:polished_andesite_slab":24,"minecraft:golden_helmet":1,"minecraft:crimson_sign":1,"minecraft:stripped_warped_hyphae":2,"minecraft:coal_block":29,"minecraft:cobblestone":35,"minecraft:white_banner":5,"minecraft:white_stained_glass":141,"minecraft:red_banner":4,"minecraft:andesite":1,"minecraft:chain":15,"minecraft:glass_pane":3,"minecraft:smooth_stone_slab":19,"minecraft:end_portal_frame":3,"structure_gel:building_tool":667,"minecraft:white_concrete":3,"minecraft:husk_spawn_egg":2,"minecraft:coarse_dirt":256,"minecraft:warped_button":1,"minecraft:gray_wool":124,"minecraft:splash_potion":47,"minecraft:soul_torch":1}},"DataVersion":3120}