{"stats":{"minecraft:dropped":{"minecraft:jungle_button":1},"minecraft:custom":{"minecraft:interact_with_anvil":2,"minecraft:leave_game":10,"minecraft:time_since_death":76826,"minecraft:climb_one_cm":20,"minecraft:time_since_rest":76858,"minecraft:sprint_one_cm":36213,"minecraft:damage_absorbed":40,"minecraft:damage_taken":8285,"minecraft:walk_one_cm":1095661,"minecraft:drop":1,"minecraft:damage_dealt":130,"minecraft:minecart_one_cm":8932,"minecraft:fly_one_cm":3674742,"minecraft:open_chest":1,"minecraft:crouch_one_cm":15709,"minecraft:play_time":674235,"minecraft:deaths":15,"minecraft:sneak_time":18164,"minecraft:walk_under_water_one_cm":6036,"minecraft:aviate_one_cm":2363453,"minecraft:jump":1884,"minecraft:walk_on_water_one_cm":542641,"minecraft:total_world_time":674235,"minecraft:fall_one_cm":77194,"minecraft:inspect_dispenser":1},"minecraft:picked_up":{"minecraft:barrier":1,"minecraft:water_bucket":1,"structure_gel:building_tool":1,"minecraft:string":107,"minecraft:elytra":2,"minecraft:gray_carpet":1,"minecraft:stone_bricks":14,"minecraft:bow":1,"minecraft:netherite_sword":1,"minecraft:powered_rail":1,"minecraft:dark_oak_door":503,"minecraft:crimson_button":1,"minecraft:porkchop":5,"minecraft:stone_button":12,"minecraft:redstone":26,"minecraft:arrow":63,"minecraft:tnt":1,"minecraft:polished_andesite":7,"minecraft:lever":1,"minecraft:cyan_terracotta":8},"minecraft:used":{"minecraft:calcite":54,"minecraft:moss_block":33,"minecraft:moss_carpet":6,"minecraft:water_bucket":50,"minecraft:waxed_exposed_cut_copper":2,"minecraft:end_rod":1,"minecraft:damaged_anvil":1,"minecraft:enchanting_table":1,"minecraft:polished_deepslate":8,"minecraft:infested_stone":10,"minecraft:gray_carpet":1,"minecraft:polished_andesite":255,"minecraft:redstone":167,"minecraft:elytra":4,"minecraft:mangrove_button":1,"minecraft:ender_pearl":9,"minecraft:stone":16,"minecraft:redstone_block":12,"minecraft:beacon":2,"minecraft:clay":75,"minecraft:green_bed":2,"minecraft:smooth_quartz_stairs":9,"minecraft:debug_stick":12,"minecraft:spruce_leaves":13,"minecraft:glow_item_frame":2,"minecraft:golden_apple":1,"minecraft:polished_deepslate_slab":7,"minecraft:diamond_block":1,"minecraft:dirt":67,"minecraft:terracotta":27,"minecraft:comparator":2,"minecraft:white_carpet":1,"minecraft:tnt":624,"minecraft:prismarine_brick_stairs":2,"minecraft:weathered_cut_copper_slab":24,"minecraft:light_gray_terracotta":35,"minecraft:sculk_shrieker":1,"minecraft:campfire":1,"structure_gel:red_gel":11,"minecraft:tuff":2,"minecraft:painting":25,"minecraft:dark_oak_door":5,"minecraft:polished_diorite":112,"minecraft:birch_fence":1,"minecraft:dark_oak_planks":2,"minecraft:crimson_button":1,"minecraft:sticky_piston":2,"minecraft:gray_terracotta":1,"minecraft:mud":20,"minecraft:stone_brick_slab":276,"minecraft:lever":4,"minecraft:cyan_terracotta":69,"minecraft:black_concrete":22,"minecraft:black_wool":104,"minecraft:firework_rocket":586,"minecraft:coal_ore":1,"minecraft:stone_button":17,"minecraft:command_block":19,"minecraft:heavy_weighted_pressure_plate":2,"minecraft:quartz_slab":1,"minecraft:light_gray_concrete":3,"minecraft:polished_andesite_stairs":38,"minecraft:grass_block":2,"minecraft:barrier":226,"minecraft:slime_block":96,"minecraft:verdant_froglight":11,"minecraft:quartz_block":31,"minecraft:detector_rail":1,"minecraft:iron_door":5,"minecraft:deepslate":16,"minecraft:dark_oak_button":6,"minecraft:diorite_wall":11,"minecraft:polished_andesite_slab":23,"minecraft:stone_brick_stairs":2,"minecraft:stone_bricks":910,"minecraft:golden_helmet":1,"minecraft:stripped_warped_hyphae":2,"minecraft:basalt":3,"minecraft:bow":63,"minecraft:coal_block":21,"minecraft:exposed_cut_copper_slab":9,"minecraft:repeater":8,"minecraft:cobblestone":25,"minecraft:brown_carpet":3,"minecraft:snow":6,"minecraft:yellow_glazed_terracotta":11,"minecraft:white_banner":5,"minecraft:podzol":80,"minecraft:gold_block":2,"minecraft:chain":15,"minecraft:glass_pane":3,"minecraft:acacia_wood":3,"minecraft:smooth_stone_slab":2,"minecraft:end_portal_frame":3,"minecraft:cobbled_deepslate":19,"minecraft:stone_pressure_plate":1,"structure_gel:building_tool":379,"minecraft:white_concrete":2,"minecraft:coarse_dirt":215,"minecraft:warped_button":1,"minecraft:gray_wool":103,"minecraft:mossy_stone_brick_wall":8,"minecraft:splash_potion":45}},"DataVersion":3120}