{"stats":{"minecraft:custom":{"minecraft:leave_game":6,"minecraft:time_since_death":314065,"minecraft:climb_one_cm":20,"minecraft:time_since_rest":314112,"minecraft:damage_absorbed":40,"minecraft:sprint_one_cm":27606,"minecraft:damage_taken":7760,"minecraft:walk_one_cm":718738,"minecraft:damage_dealt":92,"minecraft:minecart_one_cm":8932,"minecraft:fly_one_cm":3103655,"minecraft:crouch_one_cm":10752,"minecraft:play_time":460418,"minecraft:deaths":13,"minecraft:sneak_time":14282,"minecraft:walk_under_water_one_cm":3251,"minecraft:aviate_one_cm":2281256,"minecraft:jump":1447,"minecraft:walk_on_water_one_cm":289825,"minecraft:total_world_time":460418,"minecraft:fall_one_cm":74336,"minecraft:inspect_dispenser":1},"minecraft:picked_up":{"minecraft:barrier":1,"minecraft:water_bucket":1,"structure_gel:building_tool":1,"minecraft:elytra":2,"minecraft:stone_bricks":8,"minecraft:powered_rail":1,"minecraft:dark_oak_door":10,"minecraft:porkchop":2,"minecraft:crimson_button":1,"minecraft:stone_button":8,"minecraft:redstone":21,"minecraft:tnt":1,"minecraft:polished_andesite":7,"minecraft:lever":1,"minecraft:cyan_terracotta":3},"minecraft:used":{"minecraft:calcite":54,"minecraft:moss_block":33,"minecraft:water_bucket":28,"minecraft:waxed_exposed_cut_copper":2,"minecraft:enchanting_table":1,"minecraft:polished_deepslate":8,"minecraft:redstone":113,"minecraft:polished_andesite":224,"minecraft:elytra":4,"minecraft:mangrove_button":1,"minecraft:stone":3,"minecraft:redstone_block":12,"minecraft:beacon":2,"minecraft:clay":8,"minecraft:spruce_leaves":13,"minecraft:golden_apple":1,"minecraft:polished_deepslate_slab":7,"minecraft:diamond_block":1,"minecraft:dirt":67,"minecraft:comparator":2,"minecraft:terracotta":27,"minecraft:tnt":624,"minecraft:weathered_cut_copper_slab":24,"minecraft:light_gray_terracotta":33,"minecraft:sculk_shrieker":1,"minecraft:campfire":1,"minecraft:tuff":2,"minecraft:dark_oak_door":5,"minecraft:polished_diorite":112,"minecraft:sticky_piston":2,"minecraft:crimson_button":1,"minecraft:dark_oak_planks":2,"minecraft:mud":20,"minecraft:gray_terracotta":1,"minecraft:stone_brick_slab":159,"minecraft:lever":2,"minecraft:black_wool":104,"minecraft:cyan_terracotta":69,"minecraft:black_concrete":22,"minecraft:firework_rocket":586,"minecraft:command_block":1,"minecraft:light_gray_concrete":3,"minecraft:grass_block":1,"minecraft:barrier":180,"minecraft:slime_block":96,"minecraft:polished_andesite_stairs":29,"minecraft:stone_button":8,"minecraft:detector_rail":1,"minecraft:diorite_wall":4,"minecraft:dark_oak_button":6,"minecraft:deepslate":16,"minecraft:stone_brick_stairs":2,"minecraft:stone_bricks":515,"minecraft:polished_andesite_slab":23,"minecraft:golden_helmet":1,"minecraft:exposed_cut_copper_slab":9,"minecraft:coal_block":21,"minecraft:repeater":3,"minecraft:cobblestone":25,"minecraft:podzol":79,"minecraft:chain":15,"minecraft:glass_pane":3,"minecraft:gold_block":2,"minecraft:acacia_wood":3,"minecraft:smooth_stone_slab":2,"minecraft:end_portal_frame":3,"minecraft:stone_pressure_plate":1,"minecraft:white_concrete":2,"minecraft:coarse_dirt":213,"minecraft:cobbled_deepslate":19,"structure_gel:building_tool":352,"minecraft:gray_wool":97,"minecraft:mossy_stone_brick_wall":8,"minecraft:splash_potion":45}},"DataVersion":3120}