{"stats":{"minecraft:dropped":{"minecraft:barrier":1,"minecraft:light_weighted_pressure_plate":3,"minecraft:cyan_terracotta":1,"minecraft:milk_bucket":1,"minecraft:jungle_button":1,"minecraft:sand":1,"minecraft:birch_pressure_plate":2,"minecraft:totem_of_undying":3},"minecraft:killed_by":{"minecraft:player":1},"minecraft:killed":{"minecraft:strider":2},"minecraft:custom":{"minecraft:interact_with_anvil":3,"minecraft:mob_kills":2,"minecraft:interact_with_crafting_table":3,"minecraft:leave_game":16,"minecraft:time_since_death":74277,"minecraft:damage_resisted":105,"minecraft:climb_one_cm":9071,"minecraft:sprint_one_cm":199692,"minecraft:walk_one_cm":2640808,"minecraft:drop":13,"minecraft:strider_one_cm":16051,"minecraft:sneak_time":45637,"minecraft:play_time":1451089,"minecraft:deaths":24,"minecraft:walk_under_water_one_cm":6117,"minecraft:jump":5580,"minecraft:walk_on_water_one_cm":650852,"minecraft:total_world_time":1451089,"minecraft:tune_noteblock":9,"minecraft:pot_flower":4,"minecraft:sleep_in_bed":7,"minecraft:time_since_rest":74307,"minecraft:open_enderchest":3,"minecraft:damage_taken":10488,"minecraft:damage_absorbed":200,"minecraft:damage_dealt":530,"minecraft:minecart_one_cm":59782,"minecraft:fly_one_cm":8958742,"minecraft:open_chest":37,"minecraft:crouch_one_cm":29754,"minecraft:aviate_one_cm":3501779,"minecraft:fall_one_cm":120472,"minecraft:inspect_dispenser":2},"minecraft:picked_up":{"minecraft:wooden_axe":1,"minecraft:black_carpet":3,"minecraft:azure_bluet":2,"minecraft:ladder":1,"minecraft:stone_brick_stairs":10,"minecraft:elytra":2,"minecraft:string":111,"minecraft:smooth_stone_slab":15,"minecraft:oak_sign":2,"minecraft:diamond_leggings":1,"minecraft:smooth_stone":4,"minecraft:netherite_sword":1,"minecraft:light_weighted_pressure_plate":3,"minecraft:written_book":1,"minecraft:player_head":1,"minecraft:minecart":1,"minecraft:enchanted_golden_apple":2,"minecraft:dark_oak_door":504,"minecraft:stone":3,"minecraft:torch":2,"minecraft:porkchop":5,"minecraft:crimson_button":1,"minecraft:stone_button":17,"minecraft:redstone":41,"minecraft:stone_pressure_plate":3,"minecraft:tnt":1,"minecraft:light_gray_bed":2,"minecraft:arrow":63,"minecraft:diamond_chestplate":1,"minecraft:diamond_boots":1,"minecraft:iron_block":10,"minecraft:cyan_terracotta":25,"minecraft:totem_of_undying":4,"minecraft:cobblestone":1,"minecraft:barrier":2,"minecraft:repeater":1,"minecraft:water_bucket":1,"minecraft:andesite":2,"structure_gel:building_tool":1,"minecraft:tuff":1,"minecraft:dirt":24,"minecraft:birch_pressure_plate":2,"minecraft:gray_carpet":4,"minecraft:stone_bricks":46,"minecraft:bow":2,"minecraft:iron_ingot":10,"minecraft:diamond_helmet":1,"minecraft:powered_rail":1,"minecraft:dark_oak_slab":1,"minecraft:stone_brick_slab":3,"minecraft:lava_bucket":1,"minecraft:gravel":74,"minecraft:sand":1,"minecraft:infested_stone_bricks":12,"minecraft:polished_andesite":7,"minecraft:slime_block":1,"minecraft:lever":1,"minecraft:gray_wool":10},"minecraft:used":{"minecraft:moss_block":33,"minecraft:moss_carpet":21,"minecraft:nether_brick_fence":16,"minecraft:netherite_sword":5,"minecraft:waxed_exposed_cut_copper":2,"minecraft:blue_terracotta":3,"minecraft:iron_bars":5,"minecraft:enchanting_table":1,"minecraft:polished_deepslate":10,"minecraft:flint_and_steel":1,"minecraft:red_concrete":1,"minecraft:redstone":245,"minecraft:elytra":6,"minecraft:light_gray_carpet":2,"minecraft:mangrove_button":1,"minecraft:black_carpet":22,"minecraft:chest":32,"minecraft:stone":52,"minecraft:player_head":4,"minecraft:mossy_stone_brick_slab":2,"minecraft:debug_stick":31,"minecraft:spruce_leaves":23,"minecraft:torch":10,"minecraft:dirt":138,"minecraft:birch_pressure_plate":2,"minecraft:skeleton_spawn_egg":5,"minecraft:white_carpet":1,"minecraft:blue_stained_glass":1,"minecraft:prismarine_brick_stairs":2,"minecraft:cobblestone_wall":18,"minecraft:tuff":6,"minecraft:glow_lichen":4,"minecraft:spruce_fence":2,"minecraft:polished_diorite":112,"minecraft:glass":16,"minecraft:dark_oak_planks":6,"minecraft:stone_brick_slab":300,"minecraft:crimson_button":1,"minecraft:cyan_terracotta":473,"minecraft:coal_ore":2,"minecraft:light_weighted_pressure_plate":1,"minecraft:quartz_slab":1,"minecraft:lantern":1,"minecraft:iron_block":1,"minecraft:grass_block":10,"minecraft:slime_block":146,"minecraft:polished_andesite_stairs":38,"minecraft:quartz_block":31,"minecraft:dark_oak_slab":28,"minecraft:dark_oak_button":6,"minecraft:diorite_wall":11,"minecraft:crimson_planks":2,"minecraft:stone_brick_stairs":79,"minecraft:stone_bricks":1281,"minecraft:repeater":19,"minecraft:birch_trapdoor":3,"minecraft:bedrock":9,"minecraft:basalt":11,"minecraft:glowstone":7,"minecraft:exposed_cut_copper_slab":9,"minecraft:bow":96,"minecraft:brown_carpet":14,"minecraft:snow":6,"minecraft:iron_trapdoor":42,"minecraft:infested_cracked_stone_bricks":7,"minecraft:yellow_glazed_terracotta":11,"minecraft:lime_stained_glass":1,"minecraft:podzol":80,"minecraft:minecart":6,"minecraft:gold_block":2,"minecraft:acacia_wood":3,"minecraft:stone_pressure_plate":24,"minecraft:cobbled_deepslate":19,"minecraft:mossy_stone_brick_wall":8,"minecraft:enchanted_golden_apple":1,"minecraft:light_gray_bed":4,"minecraft:pointed_dripstone":149,"minecraft:calcite":54,"minecraft:dark_oak_stairs":6,"minecraft:water_bucket":50,"minecraft:end_rod":27,"minecraft:damaged_anvil":1,"minecraft:oak_planks":1,"minecraft:infested_stone":13,"minecraft:gray_carpet":4,"minecraft:powered_rail":3,"minecraft:polished_andesite":259,"minecraft:lime_wool":15,"minecraft:mangrove_planks":3,"minecraft:copper_block":23,"minecraft:ender_pearl":13,"minecraft:redstone_block":18,"minecraft:composter":2,"minecraft:clay":80,"minecraft:beacon":2,"minecraft:green_bed":2,"minecraft:cracked_stone_bricks":340,"minecraft:smooth_quartz_stairs":9,"minecraft:glow_item_frame":2,"minecraft:golden_apple":1,"minecraft:polished_deepslate_slab":7,"minecraft:terracotta":89,"minecraft:diamond_block":1,"minecraft:rabbit_spawn_egg":2,"minecraft:rail":3,"minecraft:comparator":2,"minecraft:lime_stained_glass_pane":8,"minecraft:strider_spawn_egg":2,"minecraft:tnt":650,"minecraft:crafting_table":5,"minecraft:weathered_cut_copper_slab":24,"minecraft:birch_sign":3,"minecraft:black_banner":2,"minecraft:light_gray_terracotta":39,"minecraft:sculk_shrieker":1,"minecraft:crossbow":33,"minecraft:campfire":1,"minecraft:blackstone_wall":11,"minecraft:dripstone_block":15,"minecraft:note_block":9,"structure_gel:red_gel":11,"minecraft:painting":27,"minecraft:warped_planks":11,"minecraft:dark_oak_door":8,"minecraft:birch_fence":1,"minecraft:black_terracotta":2,"minecraft:sticky_piston":2,"minecraft:gray_terracotta":12,"minecraft:mud":28,"minecraft:flower_pot":4,"minecraft:lever":5,"minecraft:black_concrete":28,"minecraft:black_wool":110,"minecraft:firework_rocket":950,"minecraft:command_block":31,"minecraft:light_gray_concrete":4,"minecraft:heavy_weighted_pressure_plate":3,"minecraft:cyan_carpet":8,"minecraft:stone_button":19,"minecraft:string":3,"minecraft:barrier":2411,"minecraft:verdant_froglight":11,"minecraft:detector_rail":1,"minecraft:spruce_trapdoor":2,"minecraft:iron_door":5,"minecraft:deepslate":23,"minecraft:polished_andesite_slab":24,"minecraft:yellow_wool":4,"minecraft:golden_helmet":1,"minecraft:crimson_sign":1,"minecraft:stripped_warped_hyphae":2,"minecraft:coal_block":30,"minecraft:cobblestone":45,"minecraft:white_banner":5,"minecraft:white_stained_glass":141,"minecraft:red_banner":4,"minecraft:andesite":1,"minecraft:chain":15,"minecraft:glass_pane":3,"minecraft:smooth_stone_slab":19,"minecraft:end_portal_frame":3,"structure_gel:building_tool":913,"minecraft:white_concrete":3,"minecraft:husk_spawn_egg":2,"minecraft:coarse_dirt":256,"minecraft:warped_button":1,"minecraft:gray_wool":127,"minecraft:smooth_stone":4,"minecraft:splash_potion":54,"minecraft:soul_torch":1}},"DataVersion":3120}