{"stats":{"minecraft:dropped":{"minecraft:cyan_terracotta":3,"minecraft:lever":1,"minecraft:stone_button":3,"minecraft:diamond_chestplate":1,"minecraft:repeater":1,"minecraft:white_concrete":1,"minecraft:diamond_helmet":1,"minecraft:stone_pressure_plate":1,"minecraft:stone_bricks":3,"minecraft:weathered_cut_copper_slab":5,"minecraft:slime_block":5,"minecraft:dark_oak_button":1,"minecraft:command_block":3,"minecraft:stone_brick_slab":2,"minecraft:redstone":4},"minecraft:picked_up":{"minecraft:dark_oak_button":1,"minecraft:repeater":1,"minecraft:stone_button":3,"minecraft:redstone":1,"minecraft:diamond_chestplate":1,"minecraft:stone_bricks":1,"minecraft:lever":1,"minecraft:diamond_helmet":1},"minecraft:custom":{"minecraft:time_since_rest":63977,"minecraft:walk_one_cm":332964,"minecraft:sprint_one_cm":183212,"minecraft:damage_taken":2980,"minecraft:damage_absorbed":40,"minecraft:drop":34,"minecraft:minecart_one_cm":29312,"minecraft:fly_one_cm":5568290,"minecraft:open_chest":2,"minecraft:crouch_one_cm":15552,"minecraft:play_time":429449,"minecraft:deaths":4,"minecraft:sneak_time":19638,"minecraft:jump":1742,"minecraft:leave_game":3,"minecraft:walk_on_water_one_cm":427077,"minecraft:time_since_death":63902,"minecraft:climb_one_cm":17275,"minecraft:total_world_time":429449,"minecraft:fall_one_cm":54632,"minecraft:inspect_dispenser":2},"minecraft:used":{"minecraft:dark_oak_planks":1,"minecraft:stone_brick_slab":40,"minecraft:water_bucket":2,"minecraft:lever":2,"minecraft:black_wool":2,"minecraft:cyan_terracotta":43,"minecraft:heavy_weighted_pressure_plate":1,"minecraft:command_block":19,"minecraft:gray_carpet":17,"minecraft:light_weighted_pressure_plate":7,"minecraft:slime_block":84,"minecraft:ladder":106,"minecraft:redstone":58,"minecraft:barrier":454,"minecraft:light_gray_candle":1,"minecraft:stone_button":9,"minecraft:white_concrete_powder":1,"minecraft:smooth_quartz":8,"minecraft:green_bed":1,"minecraft:player_head":5,"minecraft:stone_bricks":71,"minecraft:golden_apple":2,"minecraft:coal_block":6,"minecraft:glowstone":2,"minecraft:rail":3,"minecraft:brown_carpet":3,"minecraft:tnt":91,"minecraft:yellow_glazed_terracotta":55,"minecraft:weathered_cut_copper_slab":19,"minecraft:minecart":3,"minecraft:chain":28,"minecraft:white_concrete":3,"minecraft:stone_pressure_plate":6,"minecraft:coarse_dirt":1,"minecraft:gray_wool":2,"minecraft:oak_fence_gate":1}},"DataVersion":3120}