{"stats":{"minecraft:dropped":{"minecraft:cyan_terracotta":2,"minecraft:lever":1,"minecraft:stone_button":3,"minecraft:diamond_chestplate":1,"minecraft:diamond_helmet":1,"minecraft:stone_bricks":2,"minecraft:weathered_cut_copper_slab":5,"minecraft:slime_block":5,"minecraft:dark_oak_button":1,"minecraft:command_block":2,"minecraft:redstone":3},"minecraft:picked_up":{"minecraft:dark_oak_button":1,"minecraft:stone_button":3,"minecraft:diamond_chestplate":1,"minecraft:stone_bricks":1,"minecraft:lever":1,"minecraft:diamond_helmet":1},"minecraft:custom":{"minecraft:time_since_rest":170296,"minecraft:walk_one_cm":180517,"minecraft:sprint_one_cm":138309,"minecraft:damage_taken":2705,"minecraft:damage_absorbed":40,"minecraft:drop":25,"minecraft:minecart_one_cm":29312,"minecraft:fly_one_cm":4896791,"minecraft:open_chest":1,"minecraft:crouch_one_cm":11812,"minecraft:play_time":313515,"minecraft:deaths":3,"minecraft:sneak_time":16109,"minecraft:jump":1465,"minecraft:leave_game":2,"minecraft:walk_on_water_one_cm":328970,"minecraft:time_since_death":170272,"minecraft:climb_one_cm":16702,"minecraft:total_world_time":313515,"minecraft:fall_one_cm":45697,"minecraft:inspect_dispenser":2},"minecraft:used":{"minecraft:stone_brick_slab":31,"minecraft:lever":2,"minecraft:black_wool":2,"minecraft:cyan_terracotta":25,"minecraft:command_block":10,"minecraft:slime_block":84,"minecraft:ladder":106,"minecraft:redstone":51,"minecraft:barrier":404,"minecraft:light_gray_candle":1,"minecraft:stone_button":6,"minecraft:white_concrete_powder":1,"minecraft:smooth_quartz":8,"minecraft:green_bed":1,"minecraft:player_head":5,"minecraft:stone_bricks":22,"minecraft:golden_apple":2,"minecraft:coal_block":6,"minecraft:glowstone":2,"minecraft:rail":3,"minecraft:tnt":91,"minecraft:weathered_cut_copper_slab":19,"minecraft:minecart":3,"minecraft:chain":28,"minecraft:gray_wool":2,"minecraft:oak_fence_gate":1}},"DataVersion":3120}