{"stats":{"minecraft:dropped":{"minecraft:gravel":27,"minecraft:lever":1,"minecraft:player_head":2,"minecraft:detector_rail":4,"minecraft:smooth_stone_slab":2,"minecraft:minecart":2,"minecraft:dark_oak_slab":4,"minecraft:pointed_dripstone":1,"minecraft:barrier":2,"minecraft:cobblestone":2,"minecraft:weathered_cut_copper_slab":5,"minecraft:enchanted_golden_apple":2,"minecraft:dark_oak_button":1,"minecraft:slime_block":5,"minecraft:cracked_stone_bricks":1,"minecraft:command_block":6,"minecraft:oak_sign":2,"minecraft:polished_andesite":1,"minecraft:cyan_terracotta":22,"minecraft:gray_wool":8,"minecraft:stone":1,"minecraft:gray_terracotta":1,"minecraft:stone_button":3,"minecraft:diamond_chestplate":1,"minecraft:repeater":1,"minecraft:andesite":10,"minecraft:white_concrete":1,"minecraft:diamond_helmet":1,"minecraft:stone_pressure_plate":3,"minecraft:stone_bricks":3,"minecraft:bow":1,"minecraft:powered_rail":3,"minecraft:scaffolding":2,"minecraft:paper":1,"minecraft:dark_oak_planks":1,"minecraft:gray_carpet":1,"minecraft:black_wool":1,"minecraft:stone_brick_slab":4,"minecraft:redstone":6},"minecraft:custom":{"minecraft:tune_noteblock":2,"minecraft:leave_game":27,"minecraft:time_since_death":631604,"minecraft:climb_one_cm":37540,"minecraft:time_since_rest":631628,"minecraft:walk_one_cm":1312141,"minecraft:sprint_one_cm":734878,"minecraft:damage_taken":4140,"minecraft:damage_absorbed":40,"minecraft:drop":119,"minecraft:minecart_one_cm":202160,"minecraft:damage_dealt":28,"minecraft:fly_one_cm":13666304,"minecraft:player_kills":1,"minecraft:open_chest":29,"minecraft:strider_one_cm":24840,"minecraft:crouch_one_cm":44886,"minecraft:play_time":1226037,"minecraft:deaths":6,"minecraft:sneak_time":52725,"minecraft:walk_under_water_one_cm":974,"minecraft:jump":6577,"minecraft:walk_on_water_one_cm":456895,"minecraft:total_world_time":1226037,"minecraft:fall_one_cm":63534,"minecraft:inspect_dispenser":5},"minecraft:picked_up":{"minecraft:dark_oak_button":1,"minecraft:repeater":1,"minecraft:paper":1,"minecraft:oak_sign":2,"minecraft:gray_carpet":1,"minecraft:stone_bricks":1,"minecraft:bow":1,"minecraft:cracked_stone_bricks":1,"minecraft:smooth_stone":2,"minecraft:detector_rail":4,"minecraft:diamond_helmet":1,"minecraft:enchanted_golden_apple":2,"minecraft:powered_rail":3,"minecraft:scaffolding":2,"minecraft:stone":2,"minecraft:stone_brick_slab":1,"minecraft:gravel":28,"minecraft:stone_button":3,"minecraft:pointed_dripstone":1,"minecraft:redstone":3,"minecraft:stone_pressure_plate":66,"minecraft:infested_stone_bricks":9,"minecraft:command_block":4,"minecraft:diamond_chestplate":1,"minecraft:lever":1,"minecraft:cyan_terracotta":1,"minecraft:gray_wool":1},"minecraft:used":{"minecraft:water_bucket":3,"minecraft:flint_and_steel":6,"minecraft:gray_carpet":20,"minecraft:polished_andesite":12,"minecraft:redstone":58,"minecraft:ladder":109,"minecraft:oak_sign":1,"minecraft:white_concrete_powder":1,"minecraft:chest":25,"minecraft:stone":1,"minecraft:warped_sign":4,"minecraft:green_bed":1,"minecraft:player_head":6,"minecraft:netherrack":4,"minecraft:oak_leaves":4,"minecraft:golden_apple":2,"minecraft:rail":3,"minecraft:tnt":91,"minecraft:birch_sign":2,"minecraft:weathered_cut_copper_slab":19,"minecraft:oak_fence_gate":1,"minecraft:dark_oak_planks":3,"minecraft:stone_brick_slab":75,"minecraft:gray_terracotta":12,"minecraft:lever":2,"minecraft:black_wool":3,"minecraft:cyan_terracotta":128,"minecraft:command_block":39,"minecraft:stone_button":11,"minecraft:heavy_weighted_pressure_plate":1,"minecraft:light_weighted_pressure_plate":7,"minecraft:slime_block":93,"minecraft:barrier":1116,"minecraft:light_gray_candle":1,"minecraft:detector_rail":1,"minecraft:dark_oak_slab":15,"minecraft:smooth_quartz":8,"minecraft:stone_bricks":79,"minecraft:glowstone":2,"minecraft:coal_block":6,"minecraft:brown_carpet":6,"minecraft:cobblestone":4,"minecraft:bow":73,"minecraft:orange_banner":1,"minecraft:emerald_block":3,"minecraft:scaffolding":17,"minecraft:yellow_glazed_terracotta":55,"minecraft:andesite":38,"minecraft:minecart":12,"minecraft:white_stained_glass":41,"minecraft:gray_bed":6,"minecraft:chain":28,"minecraft:smooth_stone_slab":33,"minecraft:stone_pressure_plate":15,"minecraft:coarse_dirt":1,"minecraft:white_concrete":3,"structure_gel:building_tool":42,"minecraft:gray_wool":10,"minecraft:splash_potion":16,"minecraft:pointed_dripstone":192}},"DataVersion":3120}