{"stats":{"minecraft:dropped":{"minecraft:lever":1,"minecraft:minecart":2,"minecraft:dark_oak_slab":2,"minecraft:barrier":1,"minecraft:weathered_cut_copper_slab":5,"minecraft:slime_block":5,"minecraft:dark_oak_button":1,"minecraft:command_block":5,"minecraft:polished_andesite":1,"minecraft:cyan_terracotta":14,"minecraft:gray_wool":2,"minecraft:gray_terracotta":1,"minecraft:stone_button":3,"minecraft:diamond_chestplate":1,"minecraft:repeater":1,"minecraft:andesite":7,"minecraft:white_concrete":1,"minecraft:diamond_helmet":1,"minecraft:stone_pressure_plate":1,"minecraft:stone_bricks":3,"minecraft:bow":1,"minecraft:gray_carpet":1,"minecraft:stone_brick_slab":2,"minecraft:redstone":4},"minecraft:custom":{"minecraft:leave_game":6,"minecraft:time_since_death":25026,"minecraft:climb_one_cm":23231,"minecraft:time_since_rest":25050,"minecraft:walk_one_cm":613725,"minecraft:sprint_one_cm":316530,"minecraft:damage_taken":4060,"minecraft:damage_absorbed":40,"minecraft:drop":65,"minecraft:damage_dealt":8,"minecraft:minecart_one_cm":104129,"minecraft:player_kills":1,"minecraft:fly_one_cm":7484647,"minecraft:open_chest":8,"minecraft:crouch_one_cm":31634,"minecraft:play_time":619459,"minecraft:sneak_time":28357,"minecraft:deaths":6,"minecraft:walk_under_water_one_cm":200,"minecraft:jump":3420,"minecraft:walk_on_water_one_cm":446359,"minecraft:total_world_time":619459,"minecraft:fall_one_cm":60310,"minecraft:inspect_dispenser":2},"minecraft:picked_up":{"minecraft:dark_oak_button":1,"minecraft:repeater":1,"minecraft:stone_bricks":1,"minecraft:gray_carpet":1,"minecraft:bow":1,"minecraft:diamond_helmet":1,"minecraft:stone_button":3,"minecraft:redstone":1,"minecraft:stone_pressure_plate":64,"minecraft:command_block":3,"minecraft:diamond_chestplate":1,"minecraft:lever":1,"minecraft:cyan_terracotta":1},"minecraft:used":{"minecraft:water_bucket":2,"minecraft:redstone":58,"minecraft:gray_carpet":20,"minecraft:polished_andesite":12,"minecraft:ladder":106,"minecraft:white_concrete_powder":1,"minecraft:green_bed":1,"minecraft:player_head":5,"minecraft:oak_leaves":4,"minecraft:golden_apple":2,"minecraft:rail":3,"minecraft:tnt":91,"minecraft:birch_sign":2,"minecraft:weathered_cut_copper_slab":19,"minecraft:oak_fence_gate":1,"minecraft:gray_terracotta":12,"minecraft:stone_brick_slab":40,"minecraft:dark_oak_planks":1,"minecraft:lever":2,"minecraft:cyan_terracotta":112,"minecraft:black_wool":2,"minecraft:command_block":23,"minecraft:heavy_weighted_pressure_plate":1,"minecraft:light_weighted_pressure_plate":7,"minecraft:barrier":647,"minecraft:slime_block":84,"minecraft:light_gray_candle":1,"minecraft:stone_button":9,"minecraft:dark_oak_slab":10,"minecraft:smooth_quartz":8,"minecraft:stone_bricks":71,"minecraft:glowstone":2,"minecraft:coal_block":6,"minecraft:bow":73,"minecraft:brown_carpet":3,"minecraft:orange_banner":1,"minecraft:yellow_glazed_terracotta":55,"minecraft:minecart":6,"minecraft:andesite":30,"minecraft:chain":28,"minecraft:stone_pressure_plate":9,"minecraft:white_concrete":3,"minecraft:coarse_dirt":1,"structure_gel:building_tool":10,"minecraft:gray_wool":5}},"DataVersion":3120}